Area,BHK,Bathroom,Furnishing,Parking,Price,Status,Transaction,Type
800,3,2,Semi-Furnished,1,6500000,Ready_to_move,New_Property,Builder_Floor
750,2,2,Semi-Furnished,1,5000000,Ready_to_move,New_Property,Apartment
950,2,2,Furnished,1,15500000,Ready_to_move,Resale,Apartment
600,2,2,Semi-Furnished,1,4200000,Ready_to_move,Resale,Builder_Floor
650,2,2,Semi-Furnished,1,6200000,Ready_to_move,New_Property,Builder_Floor
1300,4,3,Semi-Furnished,1,15500000,Ready_to_move,New_Property,Builder_Floor
1350,4,3,Semi-Furnished,1,10000000,Ready_to_move,Resale,Builder_Floor
650,2,2,Semi-Furnished,1,4000000,Ready_to_move,New_Property,Apartment
985,3,3,Unfurnished,1,6800000,Almost_ready,New_Property,Builder_Floor
1300,4,4,Semi-Furnished,1,15000000,Ready_to_move,New_Property,Builder_Floor
1100,3,2,Semi-Furnished,1,6200000,Ready_to_move,New_Property,Builder_Floor
870,3,2,Semi-Furnished,1,7700000,Ready_to_move,New_Property,Builder_Floor
630,2,2,Semi-Furnished,1,5500000,Ready_to_move,New_Property,Builder_Floor
660,2,2,Semi-Furnished,1,5000000,Ready_to_move,Resale,Builder_Floor
344.4448,2,2,Semi-Furnished,1,3310000,Ready_to_move,Resale,Builder_Floor
660,2,2,Semi-Furnished,1,4700000,Ready_to_move,New_Property,Builder_Floor
550,2,2,Semi-Furnished,1,4500000,Ready_to_move,New_Property,Builder_Floor
1100,4,3,Semi-Furnished,1,17000000,Ready_to_move,New_Property,Builder_Floor
1150,3,3,Semi-Furnished,1,25000000,Ready_to_move,Resale,Apartment
650,2,2,Semi-Furnished,1,6000000,Ready_to_move,Resale,Builder_Floor
850,2,2,Semi-Furnished,1,11000000,Ready_to_move,Resale,Apartment
900,3,2,Semi-Furnished,5,4500000,Ready_to_move,Resale,Builder_Floor
430.556,1,1,Furnished,2,5300000,Ready_to_move,Resale,Apartment
900,2,2,Semi-Furnished,1,10500000,Ready_to_move,Resale,Apartment
914.9315,2,2,Semi-Furnished,1,12000000,Ready_to_move,Resale,Builder_Floor
1100,3,3,Furnished,1,7000000,Ready_to_move,New_Property,Builder_Floor
800,3,2,Semi-Furnished,1,7000000,Ready_to_move,Resale,Builder_Floor
500,1,1,Semi-Furnished,1,3400000,Ready_to_move,Resale,Apartment
28,2,2,Furnished,1,5000000,Ready_to_move,New_Property,Apartment
2160,4,4,Furnished,1,21000000,Ready_to_move,New_Property,Builder_Floor
1500,1,,Unfurnished,,13500000,Ready_to_move,Resale,Apartment
800,2,2,Unfurnished,1,15000000,Ready_to_move,New_Property,Builder_Floor
900,2,2,Unfurnished,1,10500000,Ready_to_move,New_Property,Builder_Floor
1080,3,2,Semi-Furnished,1,22500000,Ready_to_move,New_Property,Builder_Floor
750,2,2,Unfurnished,1,13600000,Ready_to_move,New_Property,Builder_Floor
1450,3,3,Semi-Furnished,2,30000000,Ready_to_move,New_Property,Builder_Floor
900,2,2,Semi-Furnished,1,13500000,Ready_to_move,New_Property,Apartment
810,2,2,Semi-Furnished,1,8910000,Ready_to_move,Resale,Builder_Floor
1350,3,4,Unfurnished,1,25000000,Ready_to_move,Resale,Apartment
1710,3,3,Semi-Furnished,4,26000000,Ready_to_move,New_Property,Builder_Floor
1650,3,3,Semi-Furnished,1,30000000,Ready_to_move,Resale,Builder_Floor
1280,2,2,Furnished,1,12500000,Ready_to_move,Resale,Builder_Floor
1260,3,3,Semi-Furnished,1,21000000,Ready_to_move,Resale,Builder_Floor
1130,2,2,Unfurnished,1,7800000,Ready_to_move,Resale,Builder_Floor
600,2,2,Semi-Furnished,1,11500000,Ready_to_move,New_Property,Builder_Floor
850,2,2,Semi-Furnished,1,11500000,Ready_to_move,Resale,Builder_Floor
1500,3,3,Semi-Furnished,2,26000000,Ready_to_move,New_Property,Builder_Floor
900,2,2,Semi-Furnished,2,13000000,Ready_to_move,New_Property,Builder_Floor
1000,3,3,Semi-Furnished,1,22000000,Ready_to_move,New_Property,Builder_Floor
900,2,2,Semi-Furnished,1,15800000,Ready_to_move,New_Property,Builder_Floor
2925,4,4,Unfurnished,2,57500000,Ready_to_move,New_Property,Builder_Floor
900,2,2,Unfurnished,2,10000000,Ready_to_move,Resale,Builder_Floor
1600,3,3,Unfurnished,2,30000000,Ready_to_move,New_Property,Builder_Floor
1143,3,3,Unfurnished,2,22000000,Ready_to_move,New_Property,Builder_Floor
1150,3,3,Semi-Furnished,2,24000000,Ready_to_move,New_Property,Builder_Floor
1500,3,3,Semi-Furnished,1,31500000,Ready_to_move,Resale,Builder_Floor
850,2,2,Semi-Furnished,1,14600000,Ready_to_move,Resale,Builder_Floor
8000,4,5,Semi-Furnished,1,240000000,Ready_to_move,New_Property,Builder_Floor
890,2,2,Semi-Furnished,1,8300000,Ready_to_move,Resale,Builder_Floor
1100,3,3,Unfurnished,1,22500000,Ready_to_move,New_Property,Builder_Floor
750,1,1,Furnished,2,4600000,Ready_to_move,Resale,Apartment
850,2,1,Semi-Furnished,2,1900000,Ready_to_move,New_Property,Apartment
1350,3,2,Unfurnished,1,5130000,Ready_to_move,New_Property,Apartment
1387,4,4,Unfurnished,1,5890000,Ready_to_move,New_Property,Apartment
1050,3,2,Unfurnished,1,3700000,Ready_to_move,New_Property,Apartment
1500,3,2,Unfurnished,1,17400000,Ready_to_move,Resale,Apartment
1200,3,3,Semi-Furnished,1,15500000,Ready_to_move,Resale,Apartment
700,2,1,Semi-Furnished,1,2400000,Almost_ready,New_Property,Apartment
1700,3,2,Semi-Furnished,1,17200000,Ready_to_move,Resale,Apartment
1550,3,2,Furnished,2,14200000,Ready_to_move,Resale,Apartment
1400,3,3,Semi-Furnished,1,13500000,Ready_to_move,Resale,Apartment
1900,4,4,Semi-Furnished,1,30000000,Ready_to_move,Resale,Apartment
2160,4,3,Unfurnished,1,21000000,Ready_to_move,Resale,Apartment
1700,4,3,Unfurnished,1,20500000,Ready_to_move,Resale,Apartment
1850,3,4,Semi-Furnished,1,24000000,Ready_to_move,Resale,Apartment
1800,4,2,Semi-Furnished,1,16500000,Ready_to_move,Resale,Apartment
1620,3,2,Semi-Furnished,1,14900000,Ready_to_move,Resale,Apartment
1800,4,3,Furnished,1,19200000,Ready_to_move,Resale,Apartment
1540,3,3,Semi-Furnished,1,14500000,Ready_to_move,Resale,Apartment
1600,3,3,Semi-Furnished,1,15600000,Ready_to_move,Resale,Apartment
1400,3,2,Unfurnished,1,11400000,Ready_to_move,Resale,Apartment
2300,4,4,Furnished,1,31500000,Ready_to_move,Resale,Apartment
1560,3,2,Furnished,2,15800000,Ready_to_move,Resale,Apartment
1500,3,3,Semi-Furnished,2,16000000,Ready_to_move,Resale,Apartment
1540,3,3,Semi-Furnished,1,14500000,Ready_to_move,Resale,Apartment
1050,2,2,Unfurnished,1,10500000,Ready_to_move,Resale,Apartment
1800,3,2,Semi-Furnished,1,14800000,Ready_to_move,Resale,Apartment
400,1,1,Semi-Furnished,1,1850000,Ready_to_move,New_Property,Builder_Floor
1150,3,2,Semi-Furnished,1,6800000,Ready_to_move,New_Property,Builder_Floor
1525,3,3,Semi-Furnished,1,14200000,Ready_to_move,Resale,Apartment
900,1,1,Semi-Furnished,,8900000,Ready_to_move,Resale,Builder_Floor
1450,3,3,Semi-Furnished,2,37500000,Ready_to_move,New_Property,Builder_Floor
1450,3,3,Semi-Furnished,2,30000000,Ready_to_move,New_Property,Builder_Floor
1260,3,3,Semi-Furnished,2,21000000,Ready_to_move,Resale,Builder_Floor
2925,4,4,Unfurnished,2,57500000,Ready_to_move,New_Property,Builder_Floor
1710,3,3,Semi-Furnished,1,30000000,Ready_to_move,Resale,Builder_Floor
1600,3,3,Unfurnished,1,30000000,Ready_to_move,New_Property,Builder_Floor
1500,3,3,Semi-Furnished,1,31500000,Ready_to_move,Resale,Builder_Floor
2200,3,3,Unfurnished,1,30000000,Ready_to_move,Resale,Builder_Floor
1350,3,3,Unfurnished,1,41500000,Ready_to_move,New_Property,Builder_Floor
1710,3,3,Semi-Furnished,1,24800000,Ready_to_move,Resale,Builder_Floor
1350,3,3,Semi-Furnished,2,35000000,Ready_to_move,Resale,Builder_Floor
1500,3,3,Semi-Furnished,1,40000000,Ready_to_move,Resale,Builder_Floor
2880,4,5,Unfurnished,1,46000000,Ready_to_move,New_Property,Builder_Floor
2700,4,4,Semi-Furnished,2,55000000,Ready_to_move,Resale,Builder_Floor
1400,3,3,Unfurnished,1,24500000,Ready_to_move,Resale,Builder_Floor
1800,3,3,Unfurnished,1,24500000,Ready_to_move,Resale,Apartment
1400,3,3,Semi-Furnished,1,32500000,Ready_to_move,New_Property,Builder_Floor
1000,2,2,Furnished,1,20000000,Ready_to_move,Resale,Apartment
8000,4,5,Semi-Furnished,1,240000000,Ready_to_move,New_Property,Builder_Floor
1000,2,2,Furnished,1,20000000,Ready_to_move,Resale,Apartment
1700,3,3,Furnished,2,19000000,Ready_to_move,Resale,Builder_Floor
1600,3,3,Unfurnished,2,26000000,Ready_to_move,Resale,Builder_Floor
1350,3,3,Unfurnished,1,21000000,Ready_to_move,Resale,Builder_Floor
1700,3,3,Semi-Furnished,1,27500000,Ready_to_move,Resale,Builder_Floor
1400,3,3,Semi-Furnished,2,32500000,Ready_to_move,New_Property,Builder_Floor
1450,3,3,Semi-Furnished,1,45000000,Ready_to_move,New_Property,Builder_Floor
1350,3,3,Semi-Furnished,1,21000000,Ready_to_move,Resale,Builder_Floor
1700,3,3,Unfurnished,1,28000000,Ready_to_move,Resale,Builder_Floor
1600,3,3,Unfurnished,2,29500000,Ready_to_move,Resale,Builder_Floor
1500,1,,Unfurnished,,13500000,Ready_to_move,Resale,Apartment
800,2,2,Unfurnished,1,14000000,Ready_to_move,New_Property,Builder_Floor
1710,3,3,Semi-Furnished,4,26000000,Ready_to_move,New_Property,Builder_Floor
1350,2,2,Furnished,4,12500000,Ready_to_move,Resale,Builder_Floor
1500,3,3,Semi-Furnished,2,26000000,Ready_to_move,New_Property,Builder_Floor
750,2,2,Semi-Furnished,2,11500000,Ready_to_move,New_Property,Builder_Floor
850,2,2,Semi-Furnished,2,14600000,Ready_to_move,Resale,Builder_Floor
1575,3,3,Semi-Furnished,1,25500000,Ready_to_move,New_Property,Builder_Floor
1675,3,3,Semi-Furnished,2,31000000,Ready_to_move,New_Property,Builder_Floor
1350,3,3,Semi-Furnished,2,22000000,Ready_to_move,Resale,Builder_Floor
900,2,2,Semi-Furnished,2,13400000,Ready_to_move,New_Property,Builder_Floor
1800,3,3,Semi-Furnished,2,35000000,Almost_ready,New_Property,Builder_Floor
900,2,2,Furnished,2,11000000,Ready_to_move,Resale,Builder_Floor
900,2,2,Unfurnished,2,6300000,Ready_to_move,Resale,Builder_Floor
900,2,2,Furnished,2,12500000,Ready_to_move,Resale,Builder_Floor
800,2,2,Unfurnished,1,14500000,Ready_to_move,New_Property,Builder_Floor
1100,2,3,Semi-Furnished,1,22500000,Ready_to_move,New_Property,Builder_Floor
810,2,2,Semi-Furnished,1,15500000,Ready_to_move,New_Property,Builder_Floor
1500,3,3,Semi-Furnished,1,26000000,Ready_to_move,New_Property,Builder_Floor
900,2,2,Semi-Furnished,1,15800000,Ready_to_move,New_Property,Builder_Floor
825,2,2,Unfurnished,1,15000000,Ready_to_move,New_Property,Builder_Floor
900,2,2,Unfurnished,1,13000000,Ready_to_move,New_Property,Builder_Floor
875,2,2,Unfurnished,1,15000000,Ready_to_move,New_Property,Builder_Floor
1350,3,3,Semi-Furnished,1,25000000,Ready_to_move,New_Property,Builder_Floor
750,2,2,Semi-Furnished,1,16500000,Ready_to_move,New_Property,Builder_Floor
900,2,2,Unfurnished,1,10300000,Ready_to_move,New_Property,Builder_Floor
1350,3,3,Semi-Furnished,1,26000000,Ready_to_move,New_Property,Builder_Floor
900,2,2,Unfurnished,1,11000000,Ready_to_move,Resale,Builder_Floor
1800,3,3,Unfurnished,1,28500000,Ready_to_move,New_Property,Builder_Floor
900,2,2,Unfurnished,1,11000000,Ready_to_move,Resale,Builder_Floor
900,2,1,Furnished,1,11000000,Ready_to_move,Resale,Apartment
810,3,2,Semi-Furnished,1,4500000,Ready_to_move,Resale,Builder_Floor
450,2,1,Unfurnished,1,3600000,Ready_to_move,Resale,Builder_Floor
100,3,2,Furnished,1,4300000,Ready_to_move,New_Property,Builder_Floor
900,3,2,Semi-Furnished,1,4000000,Ready_to_move,Resale,Builder_Floor
500,2,2,Semi-Furnished,1,1650000,Ready_to_move,Resale,Apartment
450,1,1,Furnished,1,2000000,Ready_to_move,Resale,Builder_Floor
75,2,2,Semi-Furnished,1,3000000,Ready_to_move,Resale,Builder_Floor
270,2,1,Semi-Furnished,1,1400000,Ready_to_move,Resale,Apartment
500,2,1,Semi-Furnished,1,2000000,Ready_to_move,Resale,Builder_Floor
444,2,2,Unfurnished,1,2000000,Ready_to_move,Resale,Apartment
400,1,1,Furnished,1,2000000,Ready_to_move,Resale,Builder_Floor
729,3,4,Furnished,1,2600000,Ready_to_move,Resale,Builder_Floor
4050,6,3,Furnished,1,5100000,Ready_to_move,Resale,Builder_Floor
2400,6,4,Furnished,1,6000000,Ready_to_move,Resale,Builder_Floor
450,2,2,Furnished,1,4000000,Ready_to_move,Resale,Builder_Floor
405,2,3,Furnished,1,6200000,Ready_to_move,Resale,Builder_Floor
666,1,2,Furnished,1,3500000,Ready_to_move,Resale,Builder_Floor
1000,2,2,Semi-Furnished,1,7600000,Ready_to_move,Resale,Apartment
1360,4,3,Semi-Furnished,1,13500000,Ready_to_move,New_Property,Builder_Floor
1550,4,3,Semi-Furnished,1,12500000,Ready_to_move,New_Property,Builder_Floor
850,3,2,Semi-Furnished,1,6500000,Ready_to_move,New_Property,Builder_Floor
2170,4,4,Unfurnished,2,22000000,Ready_to_move,New_Property,Builder_Floor
720,3,2,Semi-Furnished,1,6000000,Ready_to_move,New_Property,Builder_Floor
850,3,2,Semi-Furnished,1,7300000,Ready_to_move,New_Property,Builder_Floor
950,3,2,Semi-Furnished,1,7600000,Ready_to_move,New_Property,Builder_Floor
2300,4,4,Semi-Furnished,1,20000000,Ready_to_move,New_Property,Builder_Floor
1300,4,4,Semi-Furnished,1,15000000,Ready_to_move,New_Property,Builder_Floor
1100,3,2,Semi-Furnished,1,6200000,Ready_to_move,New_Property,Builder_Floor
1030,3,2,Furnished,1,6200000,Ready_to_move,New_Property,Builder_Floor
350,1,1,Semi-Furnished,1,2300000,Ready_to_move,New_Property,Builder_Floor
750,2,2,Semi-Furnished,1,5000000,Ready_to_move,New_Property,Apartment
720,2,2,Semi-Furnished,1,4700000,Ready_to_move,New_Property,Apartment
800,2,2,Semi-Furnished,1,5500000,Ready_to_move,New_Property,Apartment
350,1,1,Semi-Furnished,1,2000000,Ready_to_move,New_Property,Apartment
980,3,2,Semi-Furnished,1,7300000,Ready_to_move,New_Property,Apartment
1600,4,3,Semi-Furnished,1,13000000,Ready_to_move,New_Property,Apartment
1450,3,3,Semi-Furnished,1,11500000,Ready_to_move,New_Property,Apartment
445,2,2,Semi-Furnished,1,2800000,Ready_to_move,New_Property,Apartment
380,1,1,Semi-Furnished,1,2200000,Ready_to_move,New_Property,Apartment
680,2,2,Semi-Furnished,1,4400000,Ready_to_move,New_Property,Apartment
1600,3,3,Semi-Furnished,1,13500000,Ready_to_move,New_Property,Apartment
630,2,2,Semi-Furnished,1,4100000,Ready_to_move,New_Property,Apartment
1500,3,2,Semi-Furnished,1,12000000,Ready_to_move,New_Property,Apartment
550,2,2,Semi-Furnished,1,3500000,Ready_to_move,New_Property,Apartment
2500,4,3,Semi-Furnished,1,15000000,Ready_to_move,New_Property,Apartment
2800,5,4,Semi-Furnished,1,17500000,Ready_to_move,New_Property,Apartment
300,1,1,Semi-Furnished,1,1900000,Ready_to_move,New_Property,Apartment
800,3,2,Semi-Furnished,1,5500000,Ready_to_move,New_Property,Apartment
1295,3,2,Semi-Furnished,1,10000000,Ready_to_move,New_Property,Apartment
700,3,2,Semi-Furnished,1,4700000,Ready_to_move,New_Property,Apartment
350,1,1,Semi-Furnished,1,2400000,Ready_to_move,New_Property,Builder_Floor
450,2,2,Semi-Furnished,1,3800000,Ready_to_move,New_Property,Builder_Floor
2200,4,4,Semi-Furnished,1,23000000,Ready_to_move,New_Property,Builder_Floor
2300,4,4,Semi-Furnished,1,24500000,Ready_to_move,New_Property,Builder_Floor
1150,3,2,Semi-Furnished,1,10000000,Ready_to_move,New_Property,Builder_Floor
800,3,2,Semi-Furnished,1,5500000,Ready_to_move,New_Property,Builder_Floor
850,3,2,Semi-Furnished,1,7000000,Ready_to_move,New_Property,Builder_Floor
720,3,2,Semi-Furnished,1,6500000,Ready_to_move,New_Property,Builder_Floor
4688,5,4,Unfurnished,1,135000000,Almost_ready,New_Property,Apartment
750,2,2,Semi-Furnished,1,5000000,Ready_to_move,New_Property,Apartment
3901,4,4,Unfurnished,1,93000000,Almost_ready,New_Property,Apartment
950,3,2,Furnished,1,4370000,Ready_to_move,New_Property,Apartment
1000,3,2,Unfurnished,1,4620000,Ready_to_move,New_Property,Apartment
850,2,1,Semi-Furnished,1,1900000,Ready_to_move,New_Property,Apartment
2400,4,4,Semi-Furnished,1,70000000,Ready_to_move,New_Property,Apartment
1350,3,2,Unfurnished,1,5130000,Ready_to_move,New_Property,Apartment
540,2,2,Semi-Furnished,1,3000000,Ready_to_move,New_Property,Apartment
1387,4,4,Unfurnished,1,5890000,Ready_to_move,New_Property,Apartment
540,2,2,Semi-Furnished,1,3300000,Ready_to_move,New_Property,Apartment
976,2,2,Furnished,1,24900000,Ready_to_move,New_Property,Apartment
1050,3,2,Unfurnished,1,3700000,Ready_to_move,New_Property,Apartment
2700,4,3,Semi-Furnished,1,60000000,Ready_to_move,New_Property,Builder_Floor
1500,3,2,Unfurnished,1,17400000,Ready_to_move,Resale,Apartment
2900,5,5,Furnished,1,51000000,Almost_ready,New_Property,Builder_Floor
5025,5,6,Unfurnished,4,170000000,Almost_ready,New_Property,Builder_Floor
1000,3,2,Semi-Furnished,1,5510000,Almost_ready,New_Property,Builder_Floor
1135,3,3,Furnished,2,25000000,Almost_ready,Resale,Apartment
2306,3,3,Unfurnished,1,57000000,Almost_ready,New_Property,Apartment
850,2,2,Semi-Furnished,1,2940000,Almost_ready,New_Property,Apartment
1200,3,3,Semi-Furnished,1,15500000,Ready_to_move,Resale,Apartment
1700,3,2,Semi-Furnished,1,17200000,Ready_to_move,Resale,Apartment
1800,4,3,Semi-Furnished,2,55000000,Ready_to_move,Resale,Builder_Floor
1100,2,2,Semi-Furnished,1,15000000,Ready_to_move,Resale,Apartment
22050,4,4,Semi-Furnished,2,51000000,Almost_ready,New_Property,Builder_Floor
1550,4,3,Semi-Furnished,1,13000000,Ready_to_move,New_Property,Builder_Floor
1600,3,3,Semi-Furnished,1,30000000,Ready_to_move,New_Property,Builder_Floor
700,2,2,Semi-Furnished,1,2400000,Ready_to_move,New_Property,Builder_Floor
45,4,3,Unfurnished,1,5500000,Ready_to_move,New_Property,Builder_Floor
3510,4,4,Semi-Furnished,2,45000000,Ready_to_move,Resale,Builder_Floor
4500,4,4,Semi-Furnished,2,60000000,Ready_to_move,New_Property,Builder_Floor
1800,4,4,Semi-Furnished,2,65000000,Ready_to_move,New_Property,Builder_Floor
6000,5,5,Semi-Furnished,9,220000000,Ready_to_move,New_Property,Builder_Floor
4300,4,4,Unfurnished,2,60000000,Ready_to_move,Resale,Builder_Floor
1700,3,3,Semi-Furnished,2,38500000,Ready_to_move,New_Property,Builder_Floor
2500,3,3,Semi-Furnished,2,50000000,Ready_to_move,Resale,Apartment
4500,4,4,Semi-Furnished,2,75000000,Ready_to_move,New_Property,Builder_Floor
2450,4,4,Furnished,2,70000000,Ready_to_move,New_Property,Builder_Floor
10350,4,7,Semi-Furnished,3,160000000,Ready_to_move,New_Property,Apartment
4800,3,4,Semi-Furnished,1,85000000,Ready_to_move,Resale,Builder_Floor
1600,3,3,Semi-Furnished,2,40000000,Ready_to_move,Resale,Apartment
3500,4,4,Unfurnished,2,90000000,Ready_to_move,Resale,Builder_Floor
2100,4,5,Semi-Furnished,2,56000000,Ready_to_move,New_Property,Builder_Floor
4200,5,5,Semi-Furnished,2,135500000,Ready_to_move,New_Property,Builder_Floor
1500,3,3,Semi-Furnished,2,60000000,Ready_to_move,New_Property,Builder_Floor
8150,4,5,Unfurnished,4,170000000,Ready_to_move,New_Property,Builder_Floor
2200,4,4,Semi-Furnished,2,50000000,Ready_to_move,Resale,Builder_Floor
3500,4,5,Semi-Furnished,2,58000000,Ready_to_move,New_Property,Builder_Floor
2070,3,3,Semi-Furnished,2,37500000,Ready_to_move,New_Property,Builder_Floor
3500,3,3,Unfurnished,1,45000000,Ready_to_move,Resale,Builder_Floor
2000,4,4,Semi-Furnished,3,70000000,Ready_to_move,New_Property,Builder_Floor
2800,6,4,Semi-Furnished,2,29500000,Ready_to_move,Resale,Apartment
2550,4,4,Unfurnished,1,60000000,Ready_to_move,Resale,Builder_Floor
4500,4,4,Semi-Furnished,2,70000000,Ready_to_move,Resale,Builder_Floor
1400,3,3,Semi-Furnished,2,50000000,Ready_to_move,New_Property,Builder_Floor
2800,4,5,Semi-Furnished,2,75000000,Ready_to_move,New_Property,Builder_Floor
2700,4,4,Semi-Furnished,2,52500000,Ready_to_move,New_Property,Builder_Floor
4500,4,4,Semi-Furnished,2,55000000,Ready_to_move,Resale,Builder_Floor
7200,4,4,Semi-Furnished,2,120000000,Ready_to_move,Resale,Builder_Floor
2799,4,4,Semi-Furnished,,65000000,Ready_to_move,New_Property,Builder_Floor
2650,4,4,Unfurnished,2,75000000,Ready_to_move,New_Property,Builder_Floor
2200,4,4,Semi-Furnished,2,47500000,Ready_to_move,New_Property,Builder_Floor
3500,5,5,Semi-Furnished,1,70000000,Ready_to_move,New_Property,Builder_Floor
2200,4,4,Semi-Furnished,2,47500000,Ready_to_move,New_Property,Builder_Floor
2200,4,4,Semi-Furnished,1,40000000,Ready_to_move,New_Property,Builder_Floor
3500,4,4,Semi-Furnished,3,85000000,Ready_to_move,New_Property,Builder_Floor
1440,3,3,Semi-Furnished,3,26000000,Ready_to_move,New_Property,Builder_Floor
3150,4,4,Semi-Furnished,3,35000000,Ready_to_move,Resale,Builder_Floor
900,2,2,Semi-Furnished,3,20000000,Ready_to_move,Resale,Builder_Floor
3690,4,5,Semi-Furnished,3,79000000,Almost_ready,New_Property,Builder_Floor
1200,3,2,Semi-Furnished,3,17000000,Ready_to_move,Resale,Builder_Floor
4500,4,4,Semi-Furnished,2,47500000,Ready_to_move,Resale,Builder_Floor
2799,4,4,Semi-Furnished,2,43000000,Ready_to_move,New_Property,Builder_Floor
1350,3,3,Unfurnished,1,26000000,Ready_to_move,New_Property,Builder_Floor
1200,3,3,Unfurnished,1,25000000,Ready_to_move,New_Property,Builder_Floor
2177,4,5,Semi-Furnished,2,51000000,Ready_to_move,New_Property,Builder_Floor
1500,3,3,Semi-Furnished,2,40000000,Ready_to_move,New_Property,Builder_Floor
1600,3,3,Unfurnished,1,22500000,Ready_to_move,Resale,Builder_Floor
4500,4,4,Semi-Furnished,1,70000000,Ready_to_move,New_Property,Builder_Floor
2150,4,4,Unfurnished,2,45000000,Ready_to_move,New_Property,Builder_Floor
2107,4,4,Semi-Furnished,2,51100000,Ready_to_move,New_Property,Apartment
1150,3,3,Semi-Furnished,1,25500000,Ready_to_move,New_Property,Builder_Floor
1240,3,3,Unfurnished,2,26500000,Ready_to_move,New_Property,Builder_Floor
1000,2,2,Unfurnished,1,15000000,Ready_to_move,Resale,Builder_Floor
4500,4,4,Semi-Furnished,2,55000000,Ready_to_move,Resale,Builder_Floor
1150,3,3,Semi-Furnished,2,26000000,Ready_to_move,New_Property,Builder_Floor
2000,4,4,Semi-Furnished,2,38000000,Ready_to_move,Resale,Builder_Floor
4500,4,5,Semi-Furnished,2,72500000,Ready_to_move,Resale,Builder_Floor
3000,4,5,Semi-Furnished,4,65000000,Ready_to_move,New_Property,Builder_Floor
700,2,2,Unfurnished,,4600000,Ready_to_move,New_Property,Builder_Floor
750,2,2,Semi-Furnished,,9200000,Ready_to_move,Resale,Builder_Floor
1350,4,3,Unfurnished,2,9500000,Ready_to_move,Resale,Apartment
900,2,2,Semi-Furnished,1,4500000,Ready_to_move,Resale,Builder_Floor
970,3,2,Semi-Furnished,1,6500000,Ready_to_move,Resale,Builder_Floor
1000,3,2,Furnished,1,5650000,Ready_to_move,Resale,Builder_Floor
1425,3,3,Semi-Furnished,1,9300000,Ready_to_move,Resale,Builder_Floor
440,2,2,Unfurnished,1,2700000,Ready_to_move,Resale,Apartment
1017,2,2,Furnished,1,6500000,Ready_to_move,New_Property,Builder_Floor
650,2,2,Semi-Furnished,1,5800000,Ready_to_move,Resale,Apartment
950,3,2,Semi-Furnished,1,5500000,Ready_to_move,Resale,Apartment
810,3,2,Semi-Furnished,1,6000000,Ready_to_move,Resale,Builder_Floor
750,2,2,Unfurnished,1,4500000,Ready_to_move,Resale,Builder_Floor
990,2,2,Semi-Furnished,2,4100000,Ready_to_move,Resale,Builder_Floor
800,3,2,Semi-Furnished,2,3800000,Ready_to_move,Resale,Builder_Floor
675,2,1,Unfurnished,1,3300000,Ready_to_move,Resale,Apartment
558,2,1,Unfurnished,1,2900000,Ready_to_move,New_Property,Builder_Floor
445,2,1,Unfurnished,1,2000000,Ready_to_move,Resale,Builder_Floor
360,2,1,Unfurnished,1,1550000,Ready_to_move,New_Property,Builder_Floor
1350,4,3,Semi-Furnished,1,11300000,Ready_to_move,New_Property,Builder_Floor
850,3,2,Semi-Furnished,1,4500000,Ready_to_move,Resale,Builder_Floor
846,2,1,Unfurnished,1,3300000,Ready_to_move,New_Property,Apartment
1300,4,3,Furnished,1,11500000,Ready_to_move,New_Property,Builder_Floor
900,3,2,Semi-Furnished,1,6000000,Almost_ready,New_Property,Builder_Floor
1050,3,2,Semi-Furnished,1,9000000,Ready_to_move,Resale,Apartment
850,2,2,Furnished,1,4500000,Ready_to_move,Resale,Builder_Floor
1650,4,3,Furnished,1,14000000,Almost_ready,New_Property,Apartment
1150,2,2,Semi-Furnished,1,7300000,Ready_to_move,Resale,Apartment
495.1394,1,1,Furnished,1,1900000,Ready_to_move,Resale,Builder_Floor
1053,3,2,Furnished,4,7000000,Ready_to_move,Resale,Builder_Floor
810,3,2,Semi-Furnished,1,6000000,Ready_to_move,Resale,Builder_Floor
750,1,2,Semi-Furnished,1,6400000,Ready_to_move,Resale,Builder_Floor
540,2,1,Furnished,1,2700000,Ready_to_move,New_Property,Apartment
747,2,2,Furnished,1,6500000,Ready_to_move,Resale,Builder_Floor
720,2,1,Unfurnished,1,4000000,Ready_to_move,Resale,Builder_Floor
376.7365,1,1,Semi-Furnished,1,3000000,Ready_to_move,New_Property,Apartment
1125,2,2,Unfurnished,1,5000000,Ready_to_move,Resale,Builder_Floor
713,2,2,Semi-Furnished,1,6000000,Ready_to_move,New_Property,Builder_Floor
360,1,1,Unfurnished,1,2500000,Ready_to_move,Resale,Builder_Floor
900,2,2,Semi-Furnished,1,6500000,Ready_to_move,Resale,Apartment
713,3,1,Unfurnished,1,8000000,Ready_to_move,Resale,Apartment
504,2,1,Furnished,1,2700000,Ready_to_move,Resale,Builder_Floor
70,1,2,Unfurnished,1,4500000,Ready_to_move,Resale,Apartment
850,3,2,Furnished,1,5700000,Ready_to_move,Resale,Builder_Floor
2430,4,3,Furnished,1,25000000,Ready_to_move,Resale,Builder_Floor
2475,3,3,Furnished,1,70000000,Ready_to_move,Resale,Builder_Floor
2970,7,4,Furnished,1,26500000,Ready_to_move,Resale,Builder_Floor
2250,3,2,Furnished,1,18500000,Ready_to_move,Resale,Builder_Floor
1500,5,3,Furnished,1,30000000,Ready_to_move,Resale,Builder_Floor
1512,2,2,Furnished,1,22000000,Ready_to_move,Resale,Builder_Floor
400,2,2,Furnished,1,9000000,Ready_to_move,Resale,Builder_Floor
2160,3,3,Furnished,1,65000000,Ready_to_move,Resale,Builder_Floor
630,3,2,Furnished,1,22500000,Ready_to_move,Resale,Builder_Floor
324,6,3,Furnished,1,8700000,Ready_to_move,Resale,Builder_Floor
720,6,5,Furnished,1,22000000,Ready_to_move,Resale,Builder_Floor
675,4,2,Furnished,2,18500000,Ready_to_move,Resale,Builder_Floor
700,2,1,Furnished,2,16000000,Ready_to_move,New_Property,Builder_Floor
675,4,3,Furnished,2,16000000,Ready_to_move,Resale,Builder_Floor
720,4,2,Furnished,2,9000000,Ready_to_move,Resale,Builder_Floor
850,2,2,Furnished,1,4500000,Ready_to_move,Resale,Builder_Floor
801,3,2,Semi-Furnished,1,6000000,Ready_to_move,New_Property,Builder_Floor
450,1,2,Unfurnished,1,2700000,Ready_to_move,Resale,Builder_Floor
1000,3,2,Unfurnished,1,6500000,Ready_to_move,Resale,Apartment
990,3,2,Unfurnished,1,4000000,Ready_to_move,Resale,Apartment
420,2,1,Semi-Furnished,1,2600000,Ready_to_move,New_Property,Builder_Floor
450,2,1,Semi-Furnished,1,3500000,Ready_to_move,Resale,Builder_Floor
1000,2,2,Unfurnished,1,7500000,Ready_to_move,Resale,Apartment
900,3,2,Semi-Furnished,1,7000000,Ready_to_move,Resale,Builder_Floor
800,3,2,Semi-Furnished,1,4500000,Ready_to_move,New_Property,Builder_Floor
720,3,3,Semi-Furnished,2,5500000,Ready_to_move,Resale,Builder_Floor
450,2,1,Semi-Furnished,2,2700000,Ready_to_move,New_Property,Builder_Floor
675,2,2,Furnished,2,2400000,Ready_to_move,Resale,Builder_Floor
1700,4,3,Unfurnished,2,11500000,Ready_to_move,New_Property,Builder_Floor
550,2,2,Unfurnished,2,3600000,Ready_to_move,New_Property,Builder_Floor
387,1,2,Unfurnished,2,1700000,Ready_to_move,New_Property,Builder_Floor
450,2,1,Unfurnished,2,2500000,Ready_to_move,Resale,Apartment
900,4,2,Furnished,1,6600000,Ready_to_move,Resale,Builder_Floor
500,2,1,Semi-Furnished,1,3700000,Ready_to_move,Resale,Builder_Floor
441,2,1,Unfurnished,1,3500000,Ready_to_move,Resale,Apartment
800,3,2,Semi-Furnished,1,5400000,Ready_to_move,Resale,Builder_Floor
450,2,2,Semi-Furnished,1,2550000,Ready_to_move,New_Property,Builder_Floor
1000,3,3,Furnished,1,12500000,Ready_to_move,Resale,Builder_Floor
715,2,2,Unfurnished,1,5600000,Ready_to_move,Resale,Apartment
600,2,2,Unfurnished,1,7000000,Ready_to_move,Resale,Builder_Floor
540,2,1,Unfurnished,1,3500000,Ready_to_move,Resale,Builder_Floor
312,4,4,Furnished,1,35000000,Ready_to_move,Resale,Apartment
810,3,2,Semi-Furnished,1,9000000,Ready_to_move,Resale,Builder_Floor
270,1,1,Semi-Furnished,1,2300000,Ready_to_move,Resale,Builder_Floor
900,3,2,Semi-Furnished,1,6000000,Ready_to_move,Resale,Builder_Floor
1000,3,2,Unfurnished,1,6000000,Ready_to_move,Resale,Apartment
540,2,2,Semi-Furnished,1,2650000,Ready_to_move,New_Property,Builder_Floor
950,3,2,Furnished,1,4370000,Ready_to_move,New_Property,Apartment
1000,3,2,Unfurnished,1,4620000,Ready_to_move,New_Property,Apartment
540,2,2,Semi-Furnished,1,3000000,Ready_to_move,New_Property,Apartment
540,2,2,Semi-Furnished,1,3300000,Ready_to_move,New_Property,Apartment
1000,3,2,Semi-Furnished,1,5510000,Almost_ready,New_Property,Builder_Floor
500,2,2,Semi-Furnished,1,3200000,Ready_to_move,New_Property,Builder_Floor
540,2,2,Semi-Furnished,1,2600000,Ready_to_move,New_Property,Builder_Floor
780,3,2,Semi-Furnished,1,4000000,Ready_to_move,New_Property,Builder_Floor
450,2,1,Semi-Furnished,1,1850000,Ready_to_move,New_Property,Builder_Floor
360,1,1,Semi-Furnished,1,1700000,Ready_to_move,New_Property,Builder_Floor
900,3,2,Semi-Furnished,1,2800000,Ready_to_move,New_Property,Builder_Floor
495,2,2,Semi-Furnished,1,2150000,Ready_to_move,New_Property,Builder_Floor
1200,4,3,Semi-Furnished,1,6800000,Ready_to_move,New_Property,Builder_Floor
1000,3,2,Semi-Furnished,1,6200000,Ready_to_move,New_Property,Builder_Floor
620,2,2,Semi-Furnished,1,3100000,Ready_to_move,New_Property,Builder_Floor
680,3,2,Semi-Furnished,1,3400000,Ready_to_move,New_Property,Builder_Floor
805,2,2,Unfurnished,1,4000000,Ready_to_move,Resale,Builder_Floor
729,2,2,Semi-Furnished,1,4800000,Ready_to_move,Resale,Builder_Floor
540,2,2,Semi-Furnished,1,2500000,Ready_to_move,New_Property,Builder_Floor
360,1,1,Semi-Furnished,1,2000000,Ready_to_move,New_Property,Builder_Floor
550,2,2,Semi-Furnished,1,1900000,Ready_to_move,New_Property,Builder_Floor
1001,3,2,Furnished,1,5800000,Ready_to_move,New_Property,Builder_Floor
450,2,2,Unfurnished,1,2900000,Ready_to_move,Resale,Builder_Floor
550,2,1,Semi-Furnished,1,2000000,Ready_to_move,New_Property,Builder_Floor
550,2,2,Semi-Furnished,1,2600000,Ready_to_move,New_Property,Builder_Floor
675,2,1,Unfurnished,1,2900000,Ready_to_move,Resale,Builder_Floor
585,2,2,Unfurnished,1,3200000,Ready_to_move,Resale,Builder_Floor
810,3,2,Semi-Furnished,1,5400000,Ready_to_move,Resale,Builder_Floor
765,3,2,Semi-Furnished,1,3800000,Ready_to_move,Resale,Builder_Floor
4688,5,4,Unfurnished,1,135000000,Almost_ready,New_Property,Apartment
3901,4,4,Unfurnished,1,93000000,Almost_ready,New_Property,Apartment
70,2,3,Furnished,1,8200000,Ready_to_move,New_Property,Builder_Floor
800,3,2,Unfurnished,1,8000000,Ready_to_move,Resale,Builder_Floor
900,3,2,Semi-Furnished,1,9500000,Ready_to_move,Resale,Builder_Floor
1680,4,5,Semi-Furnished,1,20000000,Ready_to_move,Resale,Builder_Floor
900,2,2,Furnished,3,7400000,Ready_to_move,Resale,Builder_Floor
2000,3,3,Semi-Furnished,1,37500000,Ready_to_move,Resale,Apartment
2000,4,4,Semi-Furnished,3,15000000,Ready_to_move,Resale,Builder_Floor
1900,3,3,Semi-Furnished,1,55300000,Almost_ready,New_Property,Apartment
1530,3,3,Semi-Furnished,2,26500000,Ready_to_move,Resale,Builder_Floor
100,3,2,Semi-Furnished,2,16000000,Ready_to_move,Resale,Apartment
900,3,2,Furnished,2,10400000,Ready_to_move,Resale,Builder_Floor
270,1,1,Unfurnished,2,1700000,Ready_to_move,Resale,Builder_Floor
950,2,2,Semi-Furnished,2,8000000,Ready_to_move,Resale,Builder_Floor
1800,3,3,Semi-Furnished,2,27000000,Ready_to_move,Resale,Builder_Floor
1500,3,3,Semi-Furnished,2,19500000,Ready_to_move,Resale,Builder_Floor
1800,3,3,Furnished,3,50000000,Ready_to_move,Resale,Apartment
1800,3,3,Unfurnished,3,21100000,Ready_to_move,Resale,Builder_Floor
2306,3,3,Unfurnished,1,57000000,Almost_ready,New_Property,Apartment
850,2,3,Semi-Furnished,1,5900000,Ready_to_move,Resale,Builder_Floor
140,3,2,Unfurnished,1,12000000,Ready_to_move,New_Property,Builder_Floor
900,3,2,Unfurnished,1,12000000,Ready_to_move,Resale,Builder_Floor
1800,3,3,Unfurnished,1,24000000,Ready_to_move,Resale,Apartment
200,1,1,Semi-Furnished,1,7000000,Ready_to_move,Resale,Apartment
1782,3,3,Semi-Furnished,1,15000000,Ready_to_move,Resale,Apartment
900,2,2,Furnished,1,1500000,Ready_to_move,Resale,Builder_Floor
405,2,1,Semi-Furnished,1,3950000,Ready_to_move,Resale,Apartment
1500,3,3,Unfurnished,1,12500000,Ready_to_move,Resale,Builder_Floor
66,3,1,Unfurnished,1,1600000,Ready_to_move,New_Property,Apartment
2000,4,4,Unfurnished,2,36500000,Ready_to_move,Resale,Apartment
1200,3,2,Semi-Furnished,1,20000000,Ready_to_move,Resale,Apartment
1100,2,2,Semi-Furnished,1,15000000,Ready_to_move,Resale,Apartment
1400,3,2,Semi-Furnished,2,25000000,Ready_to_move,New_Property,Apartment
1600,3,2,Semi-Furnished,2,18500000,Ready_to_move,Resale,Apartment
1600,4,3,Unfurnished,2,23500000,Ready_to_move,Resale,Apartment
600,1,1,Semi-Furnished,1,8000000,Ready_to_move,New_Property,Apartment
1600,3,2,Unfurnished,1,23000000,Ready_to_move,Resale,Apartment
2000,3,3,Unfurnished,1,31000000,Ready_to_move,Resale,Apartment
650,1,2,Semi-Furnished,1,7400000,Ready_to_move,Resale,Apartment
1100,2,2,Unfurnished,1,15500000,Ready_to_move,Resale,Apartment
1075,2,2,Semi-Furnished,2,12000000,Ready_to_move,New_Property,Apartment
1450,3,2,Semi-Furnished,2,23500000,Ready_to_move,Resale,Apartment
1200,3,2,Semi-Furnished,2,25000000,Ready_to_move,Resale,Apartment
600,1,2,Unfurnished,2,7000000,Ready_to_move,New_Property,Apartment
1000,2,2,Unfurnished,1,17500000,Ready_to_move,Resale,Apartment
1600,3,2,Semi-Furnished,1,25000000,Ready_to_move,Resale,Apartment
1750,4,4,Unfurnished,1,29000000,Ready_to_move,New_Property,Apartment
1300,3,3,Semi-Furnished,1,21900000,Ready_to_move,Resale,Apartment
550,1,2,Furnished,1,7500000,Ready_to_move,Resale,Apartment
2200,4,3,Semi-Furnished,2,23500000,Ready_to_move,Resale,Apartment
1100,2,2,Semi-Furnished,2,24000000,Ready_to_move,Resale,Apartment
1700,3,2,Semi-Furnished,2,31000000,Ready_to_move,Resale,Builder_Floor
1100,2,2,Semi-Furnished,3,16500000,Ready_to_move,Resale,Apartment
1000,2,2,Furnished,1,5000000,Ready_to_move,Resale,Builder_Floor
1350,3,2,Furnished,1,24000000,Ready_to_move,New_Property,Apartment
1184,2,2,Semi-Furnished,1,17000000,Ready_to_move,Resale,Apartment
2000,4,2,Furnished,1,40000000,Ready_to_move,New_Property,Apartment
3500,4,4,Semi-Furnished,5,22500000,Ready_to_move,New_Property,Builder_Floor
900,3,3,Furnished,2,20000000,Ready_to_move,Resale,Builder_Floor
4688,5,4,Unfurnished,1,135000000,Almost_ready,New_Property,Apartment
750,2,2,Semi-Furnished,1,5000000,Ready_to_move,New_Property,Apartment
3901,4,4,Unfurnished,1,93000000,Almost_ready,New_Property,Apartment
950,3,2,Furnished,1,4370000,Ready_to_move,New_Property,Apartment
1000,3,2,Unfurnished,1,4620000,Ready_to_move,New_Property,Apartment
850,2,1,Semi-Furnished,1,1900000,Ready_to_move,New_Property,Apartment
2400,4,4,Semi-Furnished,1,70000000,Ready_to_move,New_Property,Apartment
1350,3,2,Unfurnished,1,5130000,Ready_to_move,New_Property,Apartment
540,2,2,Semi-Furnished,1,3000000,Ready_to_move,New_Property,Apartment
1387,4,4,Unfurnished,1,5890000,Ready_to_move,New_Property,Apartment
540,2,2,Semi-Furnished,1,3300000,Ready_to_move,New_Property,Apartment
976,2,2,Furnished,1,24900000,Ready_to_move,New_Property,Apartment
1050,3,2,Unfurnished,1,3700000,Ready_to_move,New_Property,Apartment
2700,4,3,Semi-Furnished,1,60000000,Ready_to_move,New_Property,Builder_Floor
1500,3,2,Unfurnished,1,17400000,Ready_to_move,Resale,Apartment
2900,5,5,Furnished,1,51000000,Almost_ready,New_Property,Builder_Floor
5025,5,6,Unfurnished,4,170000000,Almost_ready,New_Property,Builder_Floor
1000,3,2,Semi-Furnished,1,5510000,Almost_ready,New_Property,Builder_Floor
1135,3,3,Furnished,2,25000000,Almost_ready,Resale,Apartment
2306,3,3,Unfurnished,1,57000000,Almost_ready,New_Property,Apartment
850,2,2,Semi-Furnished,1,2940000,Almost_ready,New_Property,Apartment
1200,3,3,Semi-Furnished,1,15500000,Ready_to_move,Resale,Apartment
1700,3,2,Semi-Furnished,1,17200000,Ready_to_move,Resale,Apartment
1800,4,3,Semi-Furnished,2,55000000,Ready_to_move,Resale,Builder_Floor
1100,2,2,Semi-Furnished,1,15000000,Ready_to_move,Resale,Apartment
22050,4,4,Semi-Furnished,2,51000000,Almost_ready,New_Property,Builder_Floor
1550,4,3,Semi-Furnished,1,13000000,Ready_to_move,New_Property,Builder_Floor
1600,3,3,Semi-Furnished,1,30000000,Ready_to_move,New_Property,Builder_Floor
700,2,2,Semi-Furnished,1,2400000,Ready_to_move,New_Property,Builder_Floor
45,4,3,Unfurnished,1,5500000,Ready_to_move,New_Property,Builder_Floor
450,2,2,,,2900000,Ready_to_move,Resale,
540,5,2,,,17000000,Ready_to_move,Resale,
1350,3,3,,,25000000,Ready_to_move,Resale,
2250,3,2,,,10000000,Ready_to_move,Resale,
1250,2,1,Semi-Furnished,,7500000,Ready_to_move,Resale,Apartment
504,3,1,Semi-Furnished,,3600000,Ready_to_move,Resale,Apartment
65,3,2,Semi-Furnished,,35000000,Ready_to_move,New_Property,Apartment
450,2,1,Unfurnished,,6000000,Ready_to_move,Resale,Apartment
1800,4,2,Furnished,,17500000,Ready_to_move,Resale,Builder_Floor
1800,4,3,Furnished,,35000000,Ready_to_move,Resale,Builder_Floor
1530,5,2,Furnished,,10200000,Ready_to_move,Resale,Builder_Floor
1750,4,4,Unfurnished,1,29000000,Ready_to_move,New_Property,Apartment
2210,4,3,Semi-Furnished,1,41000000,Ready_to_move,Resale,Builder_Floor
760,3,2,Furnished,1,6000000,Ready_to_move,Resale,Builder_Floor
400,2,1,Furnished,1,2500000,Ready_to_move,New_Property,Apartment
380,1,1,Unfurnished,1,2200000,Ready_to_move,Resale,Builder_Floor
904.1676,2,2,Furnished,1,21500000,Ready_to_move,New_Property,Apartment
900,4,1,Furnished,1,15000000,Ready_to_move,Resale,Apartment
810,5,6,Furnished,1,28900000,Ready_to_move,Resale,Apartment
100,3,2,Unfurnished,1,5500000,Ready_to_move,Resale,Builder_Floor
50,2,1,Semi-Furnished,1,1950000,Ready_to_move,New_Property,Apartment
58,2,1,Unfurnished,1,3800000,Ready_to_move,Resale,Apartment
900,2,1,Semi-Furnished,1,6200000,Ready_to_move,New_Property,Builder_Floor
1650,4,3,Furnished,1,14000000,Almost_ready,New_Property,Apartment
1000,2,2,Unfurnished,1,7500000,Ready_to_move,Resale,Apartment
852,2,2,Unfurnished,1,2670000,Ready_to_move,Resale,Apartment
700,2,2,Semi-Furnished,1,2500000,Ready_to_move,Resale,Apartment
990,3,2,Unfurnished,1,4000000,Ready_to_move,Resale,Apartment
450,2,1,Semi-Furnished,1,3500000,Ready_to_move,Resale,Builder_Floor
1000,2,2,Unfurnished,1,5000000,Ready_to_move,New_Property,Apartment
1700,4,3,Semi-Furnished,2,29500000,Ready_to_move,Resale,Builder_Floor
1350,3,2,Unfurnished,1,19000000,Ready_to_move,Resale,Builder_Floor
2100,4,3,Furnished,1,25500000,Ready_to_move,Resale,Apartment
2600,4,4,Semi-Furnished,3,75000000,Ready_to_move,New_Property,Builder_Floor
3000,4,5,Semi-Furnished,4,75000000,Ready_to_move,New_Property,Builder_Floor
1450,3,3,Semi-Furnished,1,34000000,Almost_ready,New_Property,Builder_Floor
2050,4,4,Semi-Furnished,1,47500000,Ready_to_move,New_Property,Builder_Floor
3000,4,5,Semi-Furnished,3,75000000,Ready_to_move,New_Property,Builder_Floor
1800,3,3,Semi-Furnished,2,23000000,Ready_to_move,Resale,Apartment
900,3,2,Semi-Furnished,1,24000000,Ready_to_move,Resale,Apartment
1500,3,2,Semi-Furnished,2,21500000,Ready_to_move,Resale,Apartment
1500,3,2,Semi-Furnished,1,28500000,Ready_to_move,New_Property,Builder_Floor
1800,4,4,Semi-Furnished,1,12500000,Ready_to_move,Resale,Builder_Floor
1674,3,3,Unfurnished,1,45000000,Ready_to_move,Resale,Builder_Floor
2025,4,3,Furnished,2,30500000,Ready_to_move,Resale,Builder_Floor
1300,3,3,Semi-Furnished,3,22500000,Ready_to_move,Resale,Builder_Floor
990,3,3,Furnished,1,28000000,Ready_to_move,Resale,Apartment
2100,3,4,Semi-Furnished,2,25000000,Ready_to_move,Resale,Builder_Floor
2250,4,4,Semi-Furnished,2,33700000,Ready_to_move,Resale,Builder_Floor
1500,3,3,Semi-Furnished,1,27000000,Ready_to_move,Resale,Builder_Floor
2700,4,4,Semi-Furnished,2,43500000,Ready_to_move,New_Property,Builder_Floor
1700,3,3,Semi-Furnished,2,29000000,Ready_to_move,New_Property,Builder_Floor
1700,3,3,Semi-Furnished,2,30000000,Ready_to_move,Resale,Builder_Floor
2050,4,4,Semi-Furnished,2,52100000,Ready_to_move,New_Property,Apartment
1800,3,3,Unfurnished,1,32500000,Ready_to_move,New_Property,Builder_Floor
1500,3,2,Semi-Furnished,1,20500000,Ready_to_move,Resale,Apartment
2000,4,3,Semi-Furnished,1,25000000,Ready_to_move,Resale,Apartment
1500,3,3,Semi-Furnished,2,30000000,Ready_to_move,Resale,Builder_Floor
24300,4,5,Semi-Furnished,2,51000000,Ready_to_move,Resale,Builder_Floor
2475,4,4,Semi-Furnished,1,31000000,Ready_to_move,Resale,Builder_Floor
1800,3,3,Semi-Furnished,,37500000,Ready_to_move,New_Property,Builder_Floor
1300,3,3,Semi-Furnished,1,32500000,Ready_to_move,New_Property,Builder_Floor
1500,3,3,Semi-Furnished,4,37500000,Ready_to_move,New_Property,Builder_Floor
2100,4,4,Semi-Furnished,3,55000000,Ready_to_move,New_Property,Builder_Floor
1800,4,4,Semi-Furnished,2,87500000,Ready_to_move,New_Property,Builder_Floor
1100,2,2,Unfurnished,1,16300000,Ready_to_move,Resale,Apartment
2035,4,4,Unfurnished,2,65000000,Ready_to_move,New_Property,Builder_Floor
1100,3,3,Unfurnished,1,25000000,Ready_to_move,Resale,Builder_Floor
1550,3,3,Semi-Furnished,1,38000000,Ready_to_move,New_Property,Builder_Floor
700,2,2,Unfurnished,1,15000000,Ready_to_move,Resale,Builder_Floor
150,2,1,Semi-Furnished,1,2000000,Ready_to_move,Resale,Apartment
540,1,1,Unfurnished,1,3000000,Ready_to_move,Resale,Builder_Floor
810,2,2,Semi-Furnished,1,8500000,Ready_to_move,Resale,Builder_Floor
3250,4,4,Semi-Furnished,1,55000000,Ready_to_move,Resale,Builder_Floor
1600,3,3,Semi-Furnished,2,22500000,Ready_to_move,Resale,Builder_Floor
4000,4,4,Semi-Furnished,1,72500000,Ready_to_move,Resale,Builder_Floor
5500,6,7,Furnished,1,160000000,Ready_to_move,Resale,Apartment
900,3,3,Semi-Furnished,1,12500000,Ready_to_move,New_Property,Builder_Floor
972,2,2,Semi-Furnished,1,17000000,Ready_to_move,Resale,Apartment
4150,4,4,Unfurnished,3,82500000,Ready_to_move,New_Property,Builder_Floor
2250,4,5,Semi-Furnished,2,55000000,Ready_to_move,New_Property,Builder_Floor
1650,3,3,Semi-Furnished,1,35000000,Ready_to_move,New_Property,Builder_Floor
2610,4,4,Semi-Furnished,2,42500000,Ready_to_move,Resale,Builder_Floor
600,2,2,Semi-Furnished,1,4700000,Ready_to_move,Resale,Builder_Floor
1700,4,5,Unfurnished,2,52500000,Ready_to_move,Resale,Builder_Floor
2250,4,4,Semi-Furnished,3,80000000,Ready_to_move,New_Property,Builder_Floor
880,3,2,Unfurnished,1,11000000,Ready_to_move,Resale,Builder_Floor
4200,4,5,Semi-Furnished,3,74000000,Ready_to_move,New_Property,Builder_Floor
1450,3,3,Semi-Furnished,1,37500000,Ready_to_move,Resale,Builder_Floor
2200,4,4,Semi-Furnished,3,52500000,Ready_to_move,New_Property,Builder_Floor
1620,3,3,Semi-Furnished,,26000000,Ready_to_move,New_Property,Builder_Floor
1078,3,2,Unfurnished,1,15500000,Ready_to_move,New_Property,Builder_Floor
1710,3,3,Unfurnished,1,22000000,Ready_to_move,Resale,Builder_Floor
1150,3,3,Semi-Furnished,1,21000000,Ready_to_move,Resale,Builder_Floor
450,2,2,Semi-Furnished,1,5000000,Ready_to_move,Resale,Builder_Floor
1818,3,3,Unfurnished,1,22000000,Ready_to_move,Resale,Builder_Floor
1800,3,2,Unfurnished,1,26500000,Ready_to_move,Resale,Builder_Floor
780,2,2,Unfurnished,1,8770000,Ready_to_move,Resale,Builder_Floor
405,1,1,Semi-Furnished,1,4500000,Ready_to_move,Resale,Apartment
900,2,3,Semi-Furnished,1,8500000,Ready_to_move,Resale,Apartment
807.2925,2,2,Unfurnished,1,8600000,Ready_to_move,Resale,Apartment
2700,4,3,Semi-Furnished,1,42500000,Ready_to_move,Resale,Builder_Floor
1100,3,2,Semi-Furnished,2,13100000,Ready_to_move,Resale,Apartment
585,2,2,Unfurnished,2,7000000,Ready_to_move,Resale,Apartment
2152.78,3,3,Furnished,2,30000000,Ready_to_move,New_Property,Builder_Floor
960,2,2,Semi-Furnished,2,13000000,Ready_to_move,Resale,Apartment
1800,4,3,Unfurnished,2,23100000,Ready_to_move,Resale,Builder_Floor
1100,3,2,Semi-Furnished,1,16000000,Ready_to_move,Resale,Apartment
900,2,2,Unfurnished,1,12500000,Ready_to_move,Resale,Builder_Floor
1620,3,3,Furnished,1,24500000,Ready_to_move,New_Property,Builder_Floor
378,1,1,Unfurnished,1,3200000,Ready_to_move,Resale,Apartment
800,3,2,Unfurnished,1,6300000,Ready_to_move,Resale,Apartment
1350,3,3,Semi-Furnished,1,15000000,Ready_to_move,Resale,Builder_Floor
850,3,3,Unfurnished,1,5700000,Ready_to_move,Resale,Apartment
1580,3,2,Furnished,1,21000000,Ready_to_move,Resale,Apartment
820,2,3,Unfurnished,1,7500000,Ready_to_move,Resale,Apartment
594,2,1,Semi-Furnished,1,6500000,Ready_to_move,Resale,Apartment
14220,3,3,Semi-Furnished,1,27500000,Ready_to_move,New_Property,Builder_Floor
800,3,2,Unfurnished,1,12000000,Ready_to_move,Resale,Builder_Floor
1500,3,2,Semi-Furnished,2,18000000,Ready_to_move,Resale,Apartment
1600,3,3,Semi-Furnished,1,15600000,Ready_to_move,Resale,Apartment
1650,3,3,Semi-Furnished,1,15500000,Ready_to_move,Resale,Apartment
1600,3,3,Semi-Furnished,1,15200000,Ready_to_move,Resale,Apartment
1900,3,3,Furnished,1,25000000,Ready_to_move,Resale,Apartment
1400,3,2,Furnished,1,15000000,Ready_to_move,Resale,Apartment
1550,3,2,Semi-Furnished,1,15800000,Ready_to_move,Resale,Apartment
2000,4,3,Furnished,1,31500000,Ready_to_move,Resale,Apartment
1500,3,3,Semi-Furnished,1,14000000,Ready_to_move,Resale,Apartment
1550,3,2,Semi-Furnished,1,13200000,Ready_to_move,Resale,Apartment
1600,3,2,Semi-Furnished,1,15800000,Ready_to_move,Resale,Apartment
1600,3,3,Unfurnished,1,16200000,Ready_to_move,Resale,Apartment
1800,3,2,Semi-Furnished,1,15500000,Ready_to_move,Resale,Apartment
1470,3,2,Semi-Furnished,1,14500000,Ready_to_move,Resale,Apartment
1500,3,2,Semi-Furnished,1,14900000,Ready_to_move,Resale,Apartment
1750,3,3,Furnished,1,17200000,Ready_to_move,Resale,Apartment
1650,3,3,Furnished,1,18000000,Ready_to_move,Resale,Apartment
1850,3,2,Semi-Furnished,1,15500000,Ready_to_move,Resale,Apartment
1480,3,2,Furnished,1,15800000,Ready_to_move,Resale,Apartment
1214,2,2,Furnished,1,12600000,Ready_to_move,Resale,Apartment
1380,3,2,Semi-Furnished,1,15000000,Ready_to_move,Resale,Apartment
1600,4,2,Furnished,1,19500000,Ready_to_move,Resale,Apartment
1585,3,3,Semi-Furnished,1,16600000,Ready_to_move,Resale,Apartment
1700,3,3,Semi-Furnished,1,17200000,Ready_to_move,Resale,Apartment
1200,2,2,Semi-Furnished,1,13000000,Ready_to_move,Resale,Apartment
1800,4,3,Semi-Furnished,1,16500000,Ready_to_move,Resale,Apartment
1000,2,2,Semi-Furnished,1,10700000,Ready_to_move,Resale,Apartment
1500,3,2,Furnished,1,16200000,Ready_to_move,Resale,Apartment
1700,3,2,Furnished,1,16500000,Ready_to_move,Resale,Apartment
1750,3,2,Furnished,1,14900000,Ready_to_move,Resale,Apartment
2700,4,3,Furnished,1,27500000,Ready_to_move,Resale,Apartment
3050,5,6,Semi-Furnished,,62500000,Ready_to_move,Resale,Apartment
3405,5,5,Semi-Furnished,3,70000000,Ready_to_move,Resale,Apartment
1500,3,3,Semi-Furnished,3,35500000,Ready_to_move,Resale,Apartment
2105,3,3,Unfurnished,3,42100000,Ready_to_move,Resale,Apartment
2500,4,5,Semi-Furnished,3,42500000,Ready_to_move,Resale,Apartment
2090,3,4,Semi-Furnished,2,44000000,Ready_to_move,Resale,Apartment
2525,4,5,Semi-Furnished,3,43200000,Ready_to_move,Resale,Apartment
2500,4,4,Semi-Furnished,2,52500000,Ready_to_move,Resale,Apartment
2100,3,4,Furnished,2,34300000,Ready_to_move,Resale,Apartment
2022,3,3,Semi-Furnished,2,38000000,Ready_to_move,Resale,Apartment
2650,4,5,Furnished,2,52500000,Ready_to_move,Resale,Apartment
1850,3,3,Unfurnished,2,37500000,Ready_to_move,Resale,Apartment
2100,3,3,Semi-Furnished,2,37000000,Ready_to_move,Resale,Apartment
1700,3,4,Semi-Furnished,2,40000000,Ready_to_move,Resale,Apartment
2105,3,3,Semi-Furnished,2,36200000,Ready_to_move,Resale,Apartment
1250,2,3,Semi-Furnished,1,29000000,Ready_to_move,Resale,Apartment
2552,4,5,Furnished,3,42500000,Ready_to_move,New_Property,Apartment
3112,5,6,Semi-Furnished,3,60000000,Ready_to_move,Resale,Apartment
2125,3,3,Semi-Furnished,2,36500000,Ready_to_move,Resale,Apartment
2065,3,4,Semi-Furnished,2,42500000,Ready_to_move,Resale,Apartment
3405,5,4,Semi-Furnished,3,71500000,Ready_to_move,Resale,Apartment
3050,5,5,Semi-Furnished,3,65000000,Ready_to_move,New_Property,Apartment
2300,5,6,Semi-Furnished,3,58000000,Ready_to_move,Resale,Apartment
1455,2,2,Semi-Furnished,2,27500000,Ready_to_move,Resale,Apartment
3400,5,5,Semi-Furnished,3,70000000,Ready_to_move,New_Property,Apartment
3100,5,5,Semi-Furnished,3,65000000,Ready_to_move,Resale,Apartment
1400,2,3,Unfurnished,3,28600000,Ready_to_move,Resale,Apartment
2126,3,3,Semi-Furnished,2,39000000,Ready_to_move,Resale,Apartment
1815,3,3,Semi-Furnished,2,32500000,Ready_to_move,Resale,Apartment
1700,3,3,Unfurnished,2,34000000,Ready_to_move,Resale,Apartment
700,2,2,Unfurnished,,16500000,Ready_to_move,Resale,Apartment
980,2,2,Semi-Furnished,2,13800000,Ready_to_move,Resale,Apartment
1350,3,3,Semi-Furnished,2,21000000,Ready_to_move,Resale,Apartment
1800,3,3,Semi-Furnished,2,22500000,Ready_to_move,Resale,Apartment
968.751,2,2,Semi-Furnished,2,15000000,Ready_to_move,Resale,Apartment
1250,3,3,Semi-Furnished,2,20000000,Ready_to_move,New_Property,Apartment
1800,3,3,Furnished,2,20000000,Ready_to_move,New_Property,Apartment
1400,3,2,Semi-Furnished,2,26000000,Ready_to_move,Resale,Builder_Floor
1000,3,3,Semi-Furnished,2,19500000,Ready_to_move,Resale,Apartment
1800,4,2,Semi-Furnished,1,21500000,Ready_to_move,Resale,Apartment
1500,3,3,Unfurnished,1,26500000,Ready_to_move,New_Property,Apartment
1600,3,3,Semi-Furnished,2,20000000,Ready_to_move,Resale,Apartment
1400,3,3,Furnished,1,18000000,Ready_to_move,Resale,Apartment
1400,3,2,Unfurnished,1,19000000,Ready_to_move,Resale,Apartment
2700,4,4,Unfurnished,2,36500000,Ready_to_move,Resale,Builder_Floor
1100,2,2,Unfurnished,2,15000000,Ready_to_move,Resale,Apartment
1200,2,2,Semi-Furnished,2,17500000,Ready_to_move,Resale,Apartment
1400,2,2,Semi-Furnished,2,14000000,Ready_to_move,Resale,Apartment
1500,3,3,Semi-Furnished,2,21000000,Ready_to_move,Resale,Apartment
1320,3,2,Unfurnished,2,15600000,Ready_to_move,Resale,Apartment
1300,3,3,Unfurnished,2,19000000,Ready_to_move,Resale,Apartment
1150,2,2,Unfurnished,1,16500000,Ready_to_move,Resale,Apartment
1440,3,3,Unfurnished,1,19000000,Ready_to_move,Resale,Apartment
1400,2,2,Unfurnished,1,16500000,Ready_to_move,Resale,Apartment
450,1,1,Semi-Furnished,1,3000000,Ready_to_move,Resale,Builder_Floor
1300,2,2,Semi-Furnished,1,15000000,Ready_to_move,Resale,Apartment
1200,2,2,Unfurnished,1,14300000,Ready_to_move,Resale,Apartment
1300,3,2,Unfurnished,1,18500000,Ready_to_move,Resale,Apartment
1400,3,3,Furnished,1,19000000,Ready_to_move,Resale,Apartment
1400,3,3,Semi-Furnished,1,19000000,Ready_to_move,Resale,Apartment
1500,3,2,,1,13500000,Ready_to_move,Resale,
1600,4,2,Semi-Furnished,2,15800000,Ready_to_move,Resale,Apartment
1200,10,4,Semi-Furnished,2,17000000,Ready_to_move,Resale,Apartment
1600,4,2,Semi-Furnished,1,15500000,Ready_to_move,Resale,Apartment
1250,3,2,Semi-Furnished,2,16000000,Ready_to_move,Resale,Apartment
950,2,2,Furnished,2,12900000,Ready_to_move,Resale,Apartment
1200,3,3,Furnished,2,13500000,Ready_to_move,Resale,Apartment
1400,4,2,Furnished,2,17800000,Ready_to_move,Resale,Apartment
950,2,2,Furnished,2,13200000,Ready_to_move,Resale,Apartment
1350,3,3,Semi-Furnished,2,14000000,Ready_to_move,Resale,Apartment
1550,4,2,Furnished,2,17500000,Ready_to_move,Resale,Apartment
1300,3,2,Semi-Furnished,2,17000000,Ready_to_move,Resale,Apartment
1000,2,2,Furnished,2,13000000,Ready_to_move,Resale,Apartment
1500,3,3,Furnished,2,17000000,Ready_to_move,Resale,Apartment
950,2,2,Furnished,2,12700000,Ready_to_move,Resale,Apartment
1200,3,2,Furnished,2,13500000,Ready_to_move,Resale,Apartment
1400,4,2,Furnished,2,17400000,Ready_to_move,Resale,Apartment
1500,4,2,Furnished,2,17800000,Ready_to_move,Resale,Apartment
1050,2,2,Furnished,2,12700000,Ready_to_move,Resale,Apartment
1550,4,2,Furnished,2,16200000,Ready_to_move,Resale,Apartment
950,2,2,Furnished,2,11100000,Ready_to_move,Resale,Apartment
1150,2,2,Furnished,2,13600000,Ready_to_move,Resale,Apartment
1150,2,2,Furnished,2,13100000,Ready_to_move,Resale,Apartment
1150,2,2,Furnished,2,12500000,Ready_to_move,Resale,Apartment
1500,3,2,Furnished,2,13600000,Ready_to_move,Resale,Apartment
1800,4,4,Furnished,2,12000000,Ready_to_move,New_Property,Apartment
1300,3,3,Furnished,1,20000000,Ready_to_move,New_Property,Apartment
1150,2,2,Unfurnished,1,13500000,Ready_to_move,Resale,Apartment
1500,3,2,Unfurnished,1,14000000,Ready_to_move,Resale,Apartment
1150,2,2,Semi-Furnished,2,10800000,Ready_to_move,Resale,Apartment
900,3,2,Semi-Furnished,1,9000000,Ready_to_move,New_Property,Builder_Floor
1150,3,2,Semi-Furnished,1,6300000,Ready_to_move,Resale,Builder_Floor
1000,3,3,Semi-Furnished,1,5500000,Ready_to_move,New_Property,Apartment
450,1,1,Semi-Furnished,1,2350000,Ready_to_move,Resale,Apartment
1350,3,3,Semi-Furnished,1,8500000,Ready_to_move,Resale,Apartment
445,1,2,Semi-Furnished,1,1650000,Ready_to_move,Resale,Apartment
1200,2,2,Semi-Furnished,1,10000000,Ready_to_move,Resale,Apartment
50,1,1,Unfurnished,1,1500000,Ready_to_move,Resale,Builder_Floor
1100,2,2,Semi-Furnished,1,2800000,Ready_to_move,Resale,Builder_Floor
700,2,2,Semi-Furnished,1,2600000,Ready_to_move,Resale,Builder_Floor
500,1,1,Furnished,1,2350000,Ready_to_move,Resale,Builder_Floor
540,1,1,Unfurnished,1,2350000,Ready_to_move,Resale,Apartment
450,1,1,Unfurnished,1,2000000,Ready_to_move,New_Property,Builder_Floor
800,2,2,Semi-Furnished,1,5000000,Almost_ready,Resale,Builder_Floor
700,2,2,Semi-Furnished,1,3500000,Ready_to_move,Resale,Builder_Floor
750,2,2,Semi-Furnished,1,4500000,Almost_ready,Resale,Builder_Floor
750,2,2,Unfurnished,1,4000000,Ready_to_move,Resale,Builder_Floor
1600,3,3,Unfurnished,1,10800000,Ready_to_move,Resale,Builder_Floor
1000,3,2,Unfurnished,1,10000000,Ready_to_move,New_Property,Builder_Floor
1600,3,3,Unfurnished,1,10800000,Ready_to_move,Resale,Builder_Floor
900,3,2,Semi-Furnished,1,9000000,Ready_to_move,Resale,Builder_Floor
1700,3,3,Semi-Furnished,1,8500000,Ready_to_move,New_Property,Apartment
1100,3,2,Semi-Furnished,1,6000000,Ready_to_move,Resale,Builder_Floor
1000,3,3,Semi-Furnished,1,5500000,Ready_to_move,New_Property,Apartment
1000,3,2,Semi-Furnished,1,7000000,Ready_to_move,New_Property,Builder_Floor
1100,3,2,Furnished,1,6000000,Ready_to_move,Resale,Apartment
765,3,2,Unfurnished,1,3700000,Ready_to_move,Resale,Builder_Floor
900,2,2,Semi-Furnished,1,3100000,Ready_to_move,Resale,Builder_Floor
600,2,2,Unfurnished,1,4500000,Ready_to_move,Resale,Apartment
360,1,1,Semi-Furnished,1,1500000,Ready_to_move,Resale,Builder_Floor
950,3,2,Semi-Furnished,,7090000,Almost_ready,New_Property,Builder_Floor
3600,2,2,Semi-Furnished,1,4500000,Ready_to_move,New_Property,Builder_Floor
1305,4,3,Unfurnished,1,5500000,Almost_ready,New_Property,Builder_Floor
1800,3,4,Semi-Furnished,2,63000000,Almost_ready,New_Property,Apartment
950,3,2,Semi-Furnished,2,6990000,Almost_ready,New_Property,Builder_Floor
800,2,2,Semi-Furnished,1,4400000,Ready_to_move,New_Property,Apartment
1800,4,4,Semi-Furnished,1,12500000,Ready_to_move,Resale,Builder_Floor
800,2,2,Semi-Furnished,1,3000000,Ready_to_move,New_Property,Builder_Floor
675,2,2,Semi-Furnished,1,2800000,Ready_to_move,New_Property,Builder_Floor
1175,3,3,Unfurnished,4,5000000,Almost_ready,New_Property,Builder_Floor
1500,3,3,Unfurnished,4,6000000,Ready_to_move,Resale,Builder_Floor
810,2,2,Unfurnished,4,4500000,Ready_to_move,Resale,Apartment
630,2,2,Unfurnished,1,2800000,Ready_to_move,Resale,Apartment
650,2,2,Semi-Furnished,1,2500000,Ready_to_move,Resale,Builder_Floor
1800,4,4,Semi-Furnished,1,8500000,Ready_to_move,New_Property,Builder_Floor
725,2,2,Furnished,1,3000000,Ready_to_move,Resale,Apartment
900,3,2,Semi-Furnished,1,4900000,Ready_to_move,New_Property,Builder_Floor
750,2,2,Unfurnished,1,3500000,Ready_to_move,New_Property,Builder_Floor
700,2,2,Semi-Furnished,1,3000000,Ready_to_move,New_Property,Builder_Floor
950,3,2,Semi-Furnished,1,7020000,Almost_ready,New_Property,Builder_Floor
1600,3,4,Unfurnished,1,60000000,Almost_ready,New_Property,Apartment
900,2,2,Semi-Furnished,1,3500000,Ready_to_move,New_Property,Builder_Floor
1500,3,3,Semi-Furnished,1,7000000,Ready_to_move,New_Property,Builder_Floor
500,2,1,Semi-Furnished,2,7000000,Ready_to_move,Resale,Apartment
1035,3,3,Semi-Furnished,1,4500000,Ready_to_move,New_Property,Builder_Floor
825,3,2,Semi-Furnished,1,5990000,Ready_to_move,New_Property,Builder_Floor
1300,3,3,Semi-Furnished,1,4400000,Ready_to_move,New_Property,Builder_Floor
765,2,2,Unfurnished,4,2500000,Ready_to_move,New_Property,Builder_Floor
580,1,1,Semi-Furnished,1,1600000,Ready_to_move,New_Property,Builder_Floor
1750,3,3,Semi-Furnished,1,6500000,Ready_to_move,New_Property,Builder_Floor
650,2,2,Semi-Furnished,,2750000,Ready_to_move,Resale,Apartment
405,1,1,Semi-Furnished,,1500000,Ready_to_move,New_Property,Apartment
675,2,1,Unfurnished,,2200000,Ready_to_move,Resale,Builder_Floor
850,2,2,Semi-Furnished,1,2800000,Ready_to_move,Resale,Apartment
800,3,3,Semi-Furnished,1,4500000,Ready_to_move,Resale,Apartment
405,1,1,Furnished,1,1800000,Ready_to_move,Resale,Apartment
1350,3,3,Unfurnished,1,8500000,Ready_to_move,New_Property,Builder_Floor
1350,3,3,Unfurnished,1,8500000,Ready_to_move,New_Property,Apartment
450,1,1,Unfurnished,1,1700000,Ready_to_move,New_Property,Builder_Floor
1300,3,3,Semi-Furnished,2,7000000,Ready_to_move,New_Property,Builder_Floor
1050,3,2,Unfurnished,2,5600000,Ready_to_move,New_Property,Builder_Floor
1675,4,3,Furnished,2,13500000,Ready_to_move,Resale,Builder_Floor
1250,3,3,Unfurnished,2,8500000,Almost_ready,New_Property,Builder_Floor
1080,3,3,Unfurnished,5,6000000,Ready_to_move,New_Property,Apartment
1170,3,3,Unfurnished,5,7200000,Almost_ready,New_Property,Builder_Floor
1250,3,2,Semi-Furnished,1,6500000,Ready_to_move,Resale,Apartment
1500,3,3,Semi-Furnished,1,8400000,Ready_to_move,New_Property,Apartment
1350,3,3,Unfurnished,1,8500000,Ready_to_move,New_Property,Apartment
855,2,2,Semi-Furnished,1,4000000,Ready_to_move,Resale,Builder_Floor
540,1,1,Unfurnished,1,1700000,Ready_to_move,Resale,Builder_Floor
1044.0983,3,2,Unfurnished,1,6000000,Ready_to_move,Resale,Builder_Floor
405,1,1,Semi-Furnished,1,1600000,Ready_to_move,Resale,Apartment
500,1,2,Semi-Furnished,1,2100000,Ready_to_move,Resale,Apartment
450,1,1,Furnished,1,1700000,Ready_to_move,Resale,Apartment
405,1,1,Unfurnished,1,1500000,Ready_to_move,Resale,Apartment
405,1,1,Unfurnished,1,1200000,Ready_to_move,Resale,Builder_Floor
450,1,1,Unfurnished,1,1650000,Ready_to_move,Resale,Apartment
173,2,2,Unfurnished,1,3500000,Ready_to_move,Resale,Builder_Floor
1100,3,2,Unfurnished,1,8500000,Ready_to_move,Resale,Builder_Floor
600,2,2,Unfurnished,1,3200000,Ready_to_move,Resale,Builder_Floor
800,3,2,Semi-Furnished,1,4400000,Ready_to_move,New_Property,Builder_Floor
990,4,3,Unfurnished,1,7200000,Almost_ready,New_Property,Builder_Floor
1100,3,2,Semi-Furnished,1,7500000,Ready_to_move,New_Property,Builder_Floor
1100,3,2,Unfurnished,1,6500000,Ready_to_move,New_Property,Apartment
527,2,2,Semi-Furnished,1,3500000,Ready_to_move,Resale,Builder_Floor
1000,2,2,Semi-Furnished,1,6500000,Ready_to_move,Resale,Builder_Floor
1000,3,2,Semi-Furnished,1,6200000,Ready_to_move,Resale,Builder_Floor
450,1,1,Semi-Furnished,1,2500000,Ready_to_move,New_Property,Builder_Floor
600,2,2,Semi-Furnished,1,3000000,Ready_to_move,New_Property,Apartment
950,3,2,Furnished,1,6000000,Ready_to_move,New_Property,Builder_Floor
855,3,2,Unfurnished,1,4800000,Ready_to_move,Resale,Apartment
770,2,2,Semi-Furnished,1,3790000,Ready_to_move,New_Property,Builder_Floor
810,3,2,Semi-Furnished,1,4200000,Ready_to_move,New_Property,Apartment
710,2,2,Unfurnished,1,2900000,Ready_to_move,Resale,Apartment
950,3,2,Unfurnished,1,5000000,Ready_to_move,Resale,Builder_Floor
450,1,1,Semi-Furnished,1,2100000,Ready_to_move,New_Property,Builder_Floor
500,2,2,Semi-Furnished,1,3200000,Ready_to_move,Resale,Apartment
600,2,1,Semi-Furnished,1,3000000,Ready_to_move,Resale,Apartment
420,1,1,Unfurnished,1,2300000,Ready_to_move,Resale,Builder_Floor
900,3,2,Semi-Furnished,1,5900000,Almost_ready,New_Property,Builder_Floor
945,3,2,Semi-Furnished,1,5500000,Ready_to_move,Resale,Apartment
565,2,2,Unfurnished,1,3500000,Ready_to_move,Resale,Builder_Floor
450,2,1,Semi-Furnished,1,1700000,Ready_to_move,Resale,Apartment
430,1,1,Unfurnished,1,1850000,Ready_to_move,New_Property,Builder_Floor
550,2,2,Unfurnished,1,2300000,Ready_to_move,Resale,Builder_Floor
810,3,2,Furnished,1,3800000,Ready_to_move,Resale,Builder_Floor
720,3,2,Semi-Furnished,1,4500000,Ready_to_move,Resale,Builder_Floor
360,2,1,Semi-Furnished,1,2200000,Ready_to_move,New_Property,Apartment
820,3,2,Semi-Furnished,1,5200000,Ready_to_move,Resale,Builder_Floor
459,2,2,Semi-Furnished,1,2200000,Ready_to_move,Resale,Builder_Floor
378,1,2,Unfurnished,2,1500000,Ready_to_move,Resale,Apartment
450,1,1,Furnished,2,2200000,Ready_to_move,Resale,Apartment
900,2,2,Semi-Furnished,2,3800000,Ready_to_move,Resale,Apartment
360,1,1,Unfurnished,1,1800000,Ready_to_move,Resale,Apartment
559.7228,2,2,Furnished,3,2850000,Ready_to_move,Resale,Apartment
350,1,1,Unfurnished,3,2500000,Ready_to_move,Resale,Apartment
365,1,1,Unfurnished,39,3500000,Ready_to_move,Resale,Apartment
390,1,1,Unfurnished,39,2000000,Ready_to_move,Resale,Apartment
350,1,1,Unfurnished,39,3000000,Ready_to_move,Resale,Apartment
210,1,1,Semi-Furnished,39,2000000,Ready_to_move,New_Property,Apartment
50,1,1,Unfurnished,39,3500000,Ready_to_move,New_Property,Apartment
500,1,1,Unfurnished,39,1800000,Ready_to_move,Resale,Apartment
350,1,1,Unfurnished,39,1600000,Ready_to_move,Resale,Apartment
379,1,1,Unfurnished,1,1600000,Ready_to_move,Resale,Builder_Floor
236.8058,1,1,Unfurnished,1,2000000,Ready_to_move,Resale,Apartment
445,1,1,Unfurnished,1,1500000,Ready_to_move,Resale,Apartment
452.0838,2,1,Furnished,1,3000000,Ready_to_move,Resale,Apartment
350,1,1,Unfurnished,1,1490000,Ready_to_move,New_Property,Apartment
437,1,1,Furnished,1,3500000,Ready_to_move,New_Property,Apartment
61,3,3,Unfurnished,1,4000000,Ready_to_move,Resale,Apartment
495,2,2,Unfurnished,1,1750000,Ready_to_move,Resale,Builder_Floor
900,2,2,Unfurnished,1,4600000,Ready_to_move,Resale,Apartment
350,1,1,Semi-Furnished,1,1800000,Ready_to_move,Resale,Builder_Floor
585,2,2,Unfurnished,1,1900000,Ready_to_move,Resale,Builder_Floor
198,1,1,Furnished,1,1000000,Ready_to_move,Resale,Apartment
4900,1,1,Unfurnished,1,1000000,Ready_to_move,New_Property,Apartment
2077.4327,1,1,Unfurnished,1,1000000,Ready_to_move,Resale,Builder_Floor
50,1,1,Semi-Furnished,1,3500000,Ready_to_move,New_Property,Apartment
990,3,2,Furnished,1,5000000,Ready_to_move,Resale,Builder_Floor
425,1,1,Unfurnished,1,2200000,Ready_to_move,Resale,Apartment
750,2,2,Unfurnished,,13000000,Almost_ready,New_Property,Builder_Floor
1400,3,3,Semi-Furnished,2,34000000,Ready_to_move,New_Property,Builder_Floor
3600,4,4,Semi-Furnished,3,60000000,Ready_to_move,New_Property,Builder_Floor
3000,4,5,Semi-Furnished,4,74500000,Ready_to_move,New_Property,Builder_Floor
2750,4,5,Unfurnished,2,75000000,Almost_ready,New_Property,Builder_Floor
2050,4,4,Semi-Furnished,2,62500000,Ready_to_move,New_Property,Builder_Floor
3000,4,4,Unfurnished,2,67000000,Ready_to_move,New_Property,Builder_Floor
850,2,2,Unfurnished,2,8500000,Ready_to_move,Resale,Builder_Floor
750,2,2,Unfurnished,2,11500000,Almost_ready,New_Property,Builder_Floor
2600,4,5,Semi-Furnished,3,52500000,Ready_to_move,New_Property,Builder_Floor
800,2,2,Semi-Furnished,1,12000000,Ready_to_move,New_Property,Builder_Floor
550,2,2,Semi-Furnished,2,10700000,Ready_to_move,Resale,Builder_Floor
700,2,2,Semi-Furnished,1,9000000,Ready_to_move,Resale,Apartment
2316,3,4,Furnished,1,100000000,Ready_to_move,Resale,Builder_Floor
900,3,2,Semi-Furnished,1,6200000,Ready_to_move,Resale,Apartment
100,3,2,Semi-Furnished,1,17000000,Ready_to_move,Resale,Builder_Floor
900,2,3,Semi-Furnished,2,12500000,Ready_to_move,Resale,Builder_Floor
1500,2,2,Semi-Furnished,3,13000000,Ready_to_move,New_Property,Builder_Floor
650,3,2,Unfurnished,3,4200000,Ready_to_move,Resale,Builder_Floor
2000,4,4,Semi-Furnished,2,36000000,Ready_to_move,New_Property,Builder_Floor
500,1,1,Unfurnished,2,2300000,Ready_to_move,Resale,Apartment
1125,2,2,Unfurnished,2,8100000,Ready_to_move,Resale,Builder_Floor
1300,3,3,Semi-Furnished,1,10000000,Ready_to_move,Resale,Builder_Floor
2500,4,5,Unfurnished,1,62500000,Ready_to_move,New_Property,Builder_Floor
2200,4,5,Semi-Furnished,2,65000000,Ready_to_move,New_Property,Builder_Floor
1290,3,2,Semi-Furnished,2,20000000,Ready_to_move,Resale,Builder_Floor
2250,4,4,Semi-Furnished,2,57500000,Ready_to_move,New_Property,Builder_Floor
1350,3,3,Semi-Furnished,2,30000000,Ready_to_move,New_Property,Builder_Floor
1400,3,3,Semi-Furnished,1,30000000,Ready_to_move,New_Property,Builder_Floor
1700,3,3,Unfurnished,2,30000000,Ready_to_move,New_Property,Builder_Floor
450,1,1,Unfurnished,,3300000,Ready_to_move,Resale,Apartment
750,2,1,Unfurnished,,7350000,Ready_to_move,Resale,Apartment
1500,4,1,Unfurnished,,12500000,Ready_to_move,Resale,Apartment
400,1,1,Semi-Furnished,1,3500000,Ready_to_move,Resale,Apartment
650,2,2,Unfurnished,1,6500000,Ready_to_move,Resale,Builder_Floor
900,2,2,Furnished,2,6900000,Ready_to_move,Resale,Builder_Floor
400,1,1,Unfurnished,1,3600000,Ready_to_move,Resale,Builder_Floor
900,3,2,Semi-Furnished,2,13500000,Ready_to_move,Resale,Apartment
1000,3,2,Furnished,1,9200000,Ready_to_move,Resale,Apartment
405,1,1,Unfurnished,1,2500000,Ready_to_move,Resale,Apartment
1700,3,2,Furnished,1,17000000,Ready_to_move,Resale,Apartment
800,3,2,Semi-Furnished,1,9030000,Ready_to_move,Resale,Apartment
1076.39,3,2,Unfurnished,10,9300000,Ready_to_move,Resale,Builder_Floor
750,2,1,Semi-Furnished,2,6500000,Ready_to_move,New_Property,Apartment
460,2,1,Unfurnished,2,3300000,Ready_to_move,Resale,Builder_Floor
370,1,1,Unfurnished,2,2400000,Ready_to_move,Resale,Builder_Floor
1800,3,3,Semi-Furnished,1,15000000,Ready_to_move,New_Property,Builder_Floor
1080,3,1,Unfurnished,1,7000000,Ready_to_move,New_Property,Apartment
350,1,1,Unfurnished,1,4200000,Ready_to_move,Resale,Apartment
500,2,1,Furnished,1,5800000,Ready_to_move,Resale,Apartment
900,3,2,Semi-Furnished,1,4800000,Ready_to_move,Resale,Apartment
800,2,2,Semi-Furnished,1,7500000,Ready_to_move,Resale,Apartment
350,1,1,Unfurnished,1,3000000,Ready_to_move,Resale,Apartment
430.556,1,1,Unfurnished,1,4300000,Ready_to_move,Resale,Apartment
500,1,1,Semi-Furnished,1,2600000,Ready_to_move,Resale,Builder_Floor
1450,2,2,Unfurnished,1,7000000,Ready_to_move,Resale,Apartment
800,2,2,Unfurnished,1,6000000,Ready_to_move,Resale,Builder_Floor
1000,2,2,Semi-Furnished,1,6700000,Ready_to_move,Resale,Apartment
1000,3,3,Furnished,1,9500000,Ready_to_move,Resale,Apartment
1600,3,2,Semi-Furnished,1,17000000,Ready_to_move,Resale,Apartment
900,2,2,Semi-Furnished,,8000000,Ready_to_move,Resale,Apartment
1500,3,3,Semi-Furnished,1,12000000,Ready_to_move,Resale,Apartment
1050,2,2,Semi-Furnished,1,9000000,Ready_to_move,Resale,Apartment
1300,3,2,Semi-Furnished,2,11500000,Ready_to_move,Resale,Apartment
1600,4,3,Furnished,1,20000000,Ready_to_move,Resale,Apartment
900,2,2,Semi-Furnished,1,8550000,Ready_to_move,Resale,Apartment
1350,4,4,Semi-Furnished,1,10500000,Ready_to_move,Resale,Apartment
1000,3,2,Furnished,2,12000000,Ready_to_move,Resale,Apartment
1400,3,2,Unfurnished,1,11000000,Ready_to_move,Resale,Apartment
975,3,2,Semi-Furnished,1,12000000,Ready_to_move,Resale,Apartment
900,2,2,Unfurnished,114,9000000,Ready_to_move,Resale,Apartment
1100,2,2,Semi-Furnished,114,10000000,Ready_to_move,Resale,Apartment
950,2,2,Unfurnished,114,8100000,Ready_to_move,Resale,Apartment
1300,3,3,Furnished,1,9200000,Ready_to_move,Resale,Apartment
1459,3,3,Semi-Furnished,1,14200000,Ready_to_move,Resale,Apartment
1000,2,2,Semi-Furnished,1,7500000,Ready_to_move,Resale,Apartment
1100,2,2,Semi-Furnished,1,9500000,Ready_to_move,Resale,Apartment
1450,3,2,Furnished,1,14000000,Ready_to_move,Resale,Apartment
1450,3,3,Semi-Furnished,1,11600000,Ready_to_move,Resale,Apartment
1150,3,3,Semi-Furnished,1,12000000,Ready_to_move,Resale,Apartment
780,2,2,Semi-Furnished,1,7500000,Ready_to_move,Resale,Apartment
1300,3,2,Semi-Furnished,2,9800000,Ready_to_move,Resale,Apartment
1350,3,3,Semi-Furnished,1,12000000,Ready_to_move,Resale,Apartment
1200,3,2,Semi-Furnished,1,12500000,Ready_to_move,Resale,Apartment
1460,3,3,Semi-Furnished,1,16500000,Ready_to_move,Resale,Apartment
1460,3,3,Unfurnished,1,12000000,Ready_to_move,Resale,Apartment
1100,2,2,Unfurnished,1,7200000,Ready_to_move,Resale,Apartment
1500,3,3,Furnished,2,15000000,Ready_to_move,Resale,Apartment
1050,2,2,Semi-Furnished,1,10000000,Ready_to_move,Resale,Apartment
1350,3,3,Semi-Furnished,1,11000000,Ready_to_move,Resale,Apartment
1500,2,2,Furnished,2,24700000,Almost_ready,New_Property,Apartment
976,2,2,Furnished,2,24900000,Almost_ready,New_Property,Apartment
540,2,1,Semi-Furnished,1,3600000,Ready_to_move,New_Property,Builder_Floor
450,1,1,Semi-Furnished,1,1700000,Ready_to_move,New_Property,Builder_Floor
900,2,2,Unfurnished,1,11000000,Ready_to_move,Resale,Apartment
2500,4,4,Semi-Furnished,2,75000000,Ready_to_move,Resale,Builder_Floor
979.5149,2,2,Unfurnished,1,24800000,Almost_ready,New_Property,Apartment
945,2,2,Semi-Furnished,1,24900000,Almost_ready,New_Property,Apartment
976,2,2,Unfurnished,2,24900000,Almost_ready,New_Property,Apartment
1531,2,2,Unfurnished,2,25900000,Almost_ready,New_Property,Apartment
1000,2,2,Unfurnished,2,11700000,Ready_to_move,Resale,Builder_Floor
750,3,2,Furnished,2,13500000,Ready_to_move,Resale,Apartment
900,3,2,Furnished,1,5500000,Ready_to_move,Resale,Builder_Floor
1512,2,2,Unfurnished,1,30000000,Almost_ready,New_Property,Apartment
35,3,2,Semi-Furnished,2,4950000,Ready_to_move,Resale,Apartment
1500,3,2,Semi-Furnished,1,16000000,Ready_to_move,Resale,Apartment
2907,4,4,Semi-Furnished,1,30000000,Ready_to_move,Resale,Apartment
2210,4,3,Semi-Furnished,1,41000000,Ready_to_move,Resale,Builder_Floor
750,2,2,Semi-Furnished,1,3800000,Ready_to_move,Resale,Builder_Floor
2518.7526,4,5,Unfurnished,2,68900000,Almost_ready,New_Property,Apartment
588,2,2,Unfurnished,2,1800000,Ready_to_move,New_Property,Apartment
540,2,1,Unfurnished,2,1500000,Ready_to_move,Resale,Builder_Floor
1100,3,3,Semi-Furnished,2,12500000,Ready_to_move,Resale,Apartment
550,2,1,Semi-Furnished,2,1600000,Ready_to_move,Resale,Apartment
750,3,2,Semi-Furnished,1,2400000,Ready_to_move,Resale,Builder_Floor
1260,3,2,Semi-Furnished,1,7000000,Ready_to_move,Resale,Builder_Floor
675,2,2,Unfurnished,1,3100000,Ready_to_move,Resale,Builder_Floor
810,2,2,Semi-Furnished,1,14500000,Ready_to_move,Resale,Apartment
3150,4,5,Semi-Furnished,3,61500000,Ready_to_move,New_Property,Builder_Floor
2000,4,4,Semi-Furnished,1,27500000,Ready_to_move,Resale,Builder_Floor
1775,3,3,Semi-Furnished,1,25500000,Almost_ready,New_Property,Apartment
1135,3,3,Furnished,2,25000000,Almost_ready,Resale,Apartment
1252,2,2,Semi-Furnished,1,18500000,Almost_ready,New_Property,Apartment
2000,4,4,Semi-Furnished,1,39700000,Almost_ready,New_Property,Apartment
530,4,1,Semi-Furnished,1,6800000,Ready_to_move,Resale,Apartment
1332,3,2,Semi-Furnished,1,6540000,Ready_to_move,Resale,Builder_Floor
1017,3,3,Semi-Furnished,1,22000000,Ready_to_move,New_Property,Apartment
1775,3,3,Semi-Furnished,1,25500000,Almost_ready,New_Property,Apartment
987,2,2,Semi-Furnished,1,17000000,Ready_to_move,New_Property,Apartment
1912,3,3,Semi-Furnished,1,27500000,Almost_ready,New_Property,Apartment
5236,5,7,Unfurnished,3,73700000,Almost_ready,New_Property,Apartment
2805,4,4,Unfurnished,2,52300000,Almost_ready,Resale,Apartment
1500,3,3,Unfurnished,2,16000000,Ready_to_move,Resale,Apartment
1280,3,3,Furnished,2,15000000,Ready_to_move,Resale,Builder_Floor
1775,3,3,Semi-Furnished,1,25500000,Almost_ready,New_Property,Apartment
675,2,2,Semi-Furnished,1,10000000,Ready_to_move,Resale,Builder_Floor
576,2,2,Unfurnished,1,5000000,Ready_to_move,Resale,Apartment
1206,3,3,Semi-Furnished,1,20000000,Ready_to_move,Resale,Builder_Floor
1143,2,2,Unfurnished,1,16000000,Ready_to_move,Resale,Apartment
345,1,1,Semi-Furnished,1,5500000,Ready_to_move,Resale,Builder_Floor
720,2,1,Semi-Furnished,1,7000000,Ready_to_move,Resale,Builder_Floor
468,2,2,Unfurnished,1,4100000,Ready_to_move,Resale,Builder_Floor
1600,3,3,Semi-Furnished,1,24000000,Ready_to_move,New_Property,Builder_Floor
950,2,2,Furnished,1,12500000,Ready_to_move,Resale,Apartment
535,2,1,Furnished,1,3900000,Ready_to_move,New_Property,Apartment
1200,3,2,Semi-Furnished,1,14500000,Ready_to_move,Resale,Builder_Floor
1501,3,2,Semi-Furnished,1,20000000,Almost_ready,Resale,Apartment
1135,3,3,Furnished,2,24500000,Almost_ready,Resale,Apartment
1200,3,2,Semi-Furnished,1,20900000,Almost_ready,Resale,Apartment
2200,3,3,Semi-Furnished,1,43100000,Ready_to_move,New_Property,Apartment
1240,3,3,Unfurnished,1,18000000,Ready_to_move,Resale,Apartment
3002,4,5,Semi-Furnished,2,50000000,Ready_to_move,Resale,Apartment
1350,3,2,Unfurnished,1,18500000,Ready_to_move,Resale,Apartment
2300,4,5,Semi-Furnished,3,46500000,Ready_to_move,New_Property,Apartment
1429,3,3,Unfurnished,2,17500000,Ready_to_move,Resale,Apartment
2430,4,5,Semi-Furnished,2,42500000,Ready_to_move,Resale,Apartment
1450,3,3,Semi-Furnished,2,15500000,Ready_to_move,New_Property,Apartment
1250,2,2,Furnished,2,15000000,Ready_to_move,Resale,Apartment
2800,4,4,Unfurnished,2,40000000,Ready_to_move,Resale,Apartment
1646,3,3,Unfurnished,1,20000000,Ready_to_move,Resale,Apartment
900,2,2,Semi-Furnished,1,6700000,Ready_to_move,Resale,Apartment
1250,3,2,Semi-Furnished,1,16000000,Ready_to_move,Resale,Apartment
900,3,2,Unfurnished,1,8000000,Ready_to_move,Resale,Builder_Floor
1590,3,2,Unfurnished,2,25000000,Ready_to_move,New_Property,Apartment
990,3,2,Unfurnished,2,25000000,Ready_to_move,Resale,Apartment
2282,4,5,Unfurnished,2,37500000,Ready_to_move,Resale,Apartment
1260,3,3,Semi-Furnished,1,25000000,Ready_to_move,Resale,Apartment
1457,3,3,Unfurnished,1,23000000,Ready_to_move,Resale,Apartment
1400,3,2,Semi-Furnished,2,17500000,Ready_to_move,Resale,Apartment
2175,4,4,Unfurnished,1,44000000,Ready_to_move,Resale,Apartment
1450,3,3,Semi-Furnished,2,15000000,Ready_to_move,New_Property,Apartment
2800,4,5,Semi-Furnished,2,42500000,Ready_to_move,Resale,Apartment
861.112,2,2,Furnished,2,5000000,Ready_to_move,Resale,Builder_Floor
2282,4,5,Unfurnished,2,38000000,Ready_to_move,Resale,Apartment
1753,3,3,Unfurnished,1,19000000,Ready_to_move,Resale,Apartment
2659,4,5,Unfurnished,3,43500000,Ready_to_move,Resale,Apartment
1550,3,2,Unfurnished,3,19500000,Ready_to_move,Resale,Apartment
1470,3,2,Semi-Furnished,2,14200000,Ready_to_move,New_Property,Apartment
702,3,2,Semi-Furnished,2,14200000,Ready_to_move,Resale,Apartment
1138,2,2,Semi-Furnished,2,13500000,Ready_to_move,New_Property,Apartment
1600,3,3,Semi-Furnished,2,21000000,Ready_to_move,New_Property,Builder_Floor
1600,3,3,Semi-Furnished,1,22500000,Ready_to_move,Resale,Builder_Floor
1250,2,4,Semi-Furnished,1,19000000,Ready_to_move,Resale,Builder_Floor
810,3,2,Semi-Furnished,1,7500000,Ready_to_move,Resale,Builder_Floor
585,2,2,Semi-Furnished,1,4000000,Ready_to_move,Resale,Builder_Floor
1700,3,3,Unfurnished,2,8000000,Ready_to_move,Resale,Builder_Floor
1800,3,4,Semi-Furnished,2,19000000,Ready_to_move,Resale,Apartment
600,1,1,Unfurnished,2,7000000,Ready_to_move,New_Property,Apartment
1250,3,3,Unfurnished,1,5800000,Ready_to_move,New_Property,Builder_Floor
600,3,2,Semi-Furnished,1,8000000,Ready_to_move,Resale,Builder_Floor
1600,3,4,Unfurnished,1,18800000,Ready_to_move,Resale,Apartment
1100,3,2,Semi-Furnished,1,6000000,Ready_to_move,New_Property,Builder_Floor
450,1,1,Unfurnished,1,2200000,Ready_to_move,New_Property,Apartment
855,3,2,Semi-Furnished,1,6500000,Ready_to_move,Resale,Builder_Floor
1291.668,3,2,Unfurnished,1,23500000,Ready_to_move,Resale,Apartment
1300,2,2,Semi-Furnished,2,16000000,Ready_to_move,Resale,Apartment
1350,3,3,Unfurnished,2,20000000,Ready_to_move,Resale,Apartment
900,2,2,Unfurnished,2,5500000,Ready_to_move,New_Property,Builder_Floor
850,2,2,Semi-Furnished,1,13500000,Ready_to_move,Resale,Apartment
1650,3,3,Semi-Furnished,1,22500000,Ready_to_move,Resale,Builder_Floor
650,2,2,Unfurnished,1,3800000,Ready_to_move,Resale,Apartment
630,2,2,Semi-Furnished,1,4600000,Ready_to_move,Resale,Builder_Floor
1250,2,1,Semi-Furnished,2,17500000,Ready_to_move,Resale,Apartment
1800,4,3,Furnished,2,5500000,Ready_to_move,New_Property,Builder_Floor
1500,3,3,Semi-Furnished,2,22500000,Ready_to_move,Resale,Builder_Floor
1100,2,2,Semi-Furnished,1,12500000,Ready_to_move,Resale,Apartment
1400,3,2,Semi-Furnished,2,19000000,Ready_to_move,Resale,Apartment
1300,2,2,Semi-Furnished,2,15500000,Ready_to_move,Resale,Apartment
1100,2,2,Semi-Furnished,2,13500000,Ready_to_move,Resale,Apartment
1600,3,3,Semi-Furnished,2,21000000,Ready_to_move,Resale,Apartment
2250,4,4,Semi-Furnished,2,50000000,Ready_to_move,New_Property,Builder_Floor
2592,4,3,Unfurnished,2,42500000,Ready_to_move,Resale,Builder_Floor
1800,4,4,Unfurnished,2,45500000,Almost_ready,New_Property,Builder_Floor
1700,3,3,Semi-Furnished,2,23000000,Ready_to_move,Resale,Builder_Floor
1640,3,3,Unfurnished,1,12000000,Ready_to_move,Resale,Apartment
2572,3,3,Furnished,4,35000000,Ready_to_move,Resale,Apartment
2100,3,3,Semi-Furnished,1,25000000,Ready_to_move,Resale,Builder_Floor
1620,3,3,Semi-Furnished,1,29000000,Ready_to_move,New_Property,Builder_Floor
2500,4,4,Semi-Furnished,2,80000000,Ready_to_move,New_Property,Builder_Floor
2250,3,3,Semi-Furnished,2,20500000,Ready_to_move,Resale,Apartment
2445,4,4,Semi-Furnished,1,52500000,Ready_to_move,Resale,Apartment
2250,4,4,Unfurnished,2,37500000,Ready_to_move,New_Property,Builder_Floor
800,2,2,Semi-Furnished,2,7500000,Ready_to_move,Resale,Apartment
1450,3,3,Semi-Furnished,2,32500000,Ready_to_move,Resale,Builder_Floor
1440,3,3,Unfurnished,2,24500000,Ready_to_move,Resale,Builder_Floor
5220,5,5,Unfurnished,2,65000000,Ready_to_move,Resale,Builder_Floor
1800,3,3,Semi-Furnished,2,27500000,Ready_to_move,New_Property,Builder_Floor
4455,5,5,Semi-Furnished,1,115000000,Almost_ready,New_Property,Builder_Floor
195,3,3,Semi-Furnished,1,28000000,Almost_ready,New_Property,Builder_Floor
807.2925,2,1,Semi-Furnished,1,8000000,Ready_to_move,Resale,Builder_Floor
3500,4,4,Furnished,3,75100000,Ready_to_move,New_Property,Builder_Floor
1000,2,2,Semi-Furnished,1,7800000,Ready_to_move,Resale,Apartment
900,2,2,Semi-Furnished,1,15000000,Ready_to_move,Resale,Builder_Floor
1800,3,3,Furnished,1,27500000,Ready_to_move,Resale,Builder_Floor
17010,3,3,Semi-Furnished,2,25000000,Ready_to_move,Resale,Builder_Floor
2340,4,4,Semi-Furnished,1,26000000,Ready_to_move,Resale,Builder_Floor
1350,3,3,Unfurnished,1,23500000,Ready_to_move,Resale,Apartment
464,3,1,Unfurnished,1,4200000,Ready_to_move,Resale,Builder_Floor
954,2,2,Unfurnished,1,10000000,Ready_to_move,Resale,Builder_Floor
1155,2,2,Semi-Furnished,1,18500000,Ready_to_move,Resale,Builder_Floor
700,2,2,Unfurnished,,16500000,Ready_to_move,Resale,Apartment
980,2,2,Semi-Furnished,2,13800000,Ready_to_move,Resale,Apartment
1350,3,3,Semi-Furnished,2,21000000,Ready_to_move,Resale,Apartment
1800,3,3,Semi-Furnished,2,22500000,Ready_to_move,Resale,Apartment
968.751,2,2,Semi-Furnished,2,15000000,Ready_to_move,Resale,Apartment
1250,3,3,Semi-Furnished,2,20000000,Ready_to_move,New_Property,Apartment
1800,3,3,Furnished,2,20000000,Ready_to_move,New_Property,Apartment
1400,3,2,Semi-Furnished,2,26000000,Ready_to_move,Resale,Builder_Floor
1000,3,3,Semi-Furnished,2,19500000,Ready_to_move,Resale,Apartment
1800,4,2,Semi-Furnished,1,21500000,Ready_to_move,Resale,Apartment
1500,3,3,Unfurnished,1,26500000,Ready_to_move,New_Property,Apartment
1600,3,3,Semi-Furnished,2,20000000,Ready_to_move,Resale,Apartment
1400,3,3,Furnished,1,18000000,Ready_to_move,Resale,Apartment
1400,3,2,Unfurnished,1,19000000,Ready_to_move,Resale,Apartment
2700,4,4,Unfurnished,2,36500000,Ready_to_move,Resale,Builder_Floor
1100,2,2,Unfurnished,2,15000000,Ready_to_move,Resale,Apartment
1200,2,2,Semi-Furnished,2,17500000,Ready_to_move,Resale,Apartment
1400,2,2,Semi-Furnished,2,14000000,Ready_to_move,Resale,Apartment
1500,3,3,Semi-Furnished,2,21000000,Ready_to_move,Resale,Apartment
1320,3,2,Unfurnished,2,15600000,Ready_to_move,Resale,Apartment
1300,3,3,Unfurnished,2,19000000,Ready_to_move,Resale,Apartment
1150,2,2,Unfurnished,1,16500000,Ready_to_move,Resale,Apartment
1440,3,3,Unfurnished,1,19000000,Ready_to_move,Resale,Apartment
1400,2,2,Unfurnished,1,16500000,Ready_to_move,Resale,Apartment
450,1,1,Semi-Furnished,1,3000000,Ready_to_move,Resale,Builder_Floor
1300,2,2,Semi-Furnished,1,15000000,Ready_to_move,Resale,Apartment
1200,2,2,Unfurnished,1,14300000,Ready_to_move,Resale,Apartment
1300,3,2,Unfurnished,1,18500000,Ready_to_move,Resale,Apartment
1400,3,3,Furnished,1,19000000,Ready_to_move,Resale,Apartment
1400,3,3,Semi-Furnished,1,19000000,Ready_to_move,Resale,Apartment
500,2,2,Semi-Furnished,1,3300000,Ready_to_move,New_Property,Builder_Floor
700,2,2,Semi-Furnished,1,3800000,Ready_to_move,New_Property,Builder_Floor
900,3,3,Semi-Furnished,1,7000000,Ready_to_move,New_Property,Builder_Floor
1260,3,3,Semi-Furnished,2,16500000,Ready_to_move,Resale,Builder_Floor
950,3,2,Semi-Furnished,1,8000000,Ready_to_move,New_Property,Apartment
405,1,1,Unfurnished,1,5600000,Ready_to_move,Resale,Builder_Floor
1800,2,2,Furnished,1,21000000,Ready_to_move,Resale,Builder_Floor
1300,3,3,Semi-Furnished,2,21000000,Ready_to_move,Resale,Builder_Floor
1000,3,3,Semi-Furnished,2,8600000,Ready_to_move,New_Property,Apartment
900,3,2,Semi-Furnished,2,6600000,Ready_to_move,Resale,Apartment
1800,3,3,Semi-Furnished,2,14000000,Ready_to_move,Resale,Builder_Floor
720,2,2,Unfurnished,2,4700000,Ready_to_move,Resale,Builder_Floor
1485,3,3,Unfurnished,1,30000000,Ready_to_move,Resale,Apartment
1600,3,3,Semi-Furnished,2,26000000,Ready_to_move,Resale,Builder_Floor
1200,2,2,Furnished,2,18500000,Ready_to_move,Resale,Apartment
900,2,2,Semi-Furnished,2,6500000,Ready_to_move,Resale,Apartment
900,2,2,Unfurnished,2,15000000,Ready_to_move,Resale,Apartment
800,2,2,Semi-Furnished,1,8000000,Ready_to_move,Resale,Builder_Floor
1150,2,3,Semi-Furnished,2,16100000,Ready_to_move,Resale,Apartment
900,3,3,Semi-Furnished,1,6800000,Ready_to_move,New_Property,Builder_Floor
1070,3,2,Furnished,1,6800000,Ready_to_move,Resale,Apartment
1050,2,2,Unfurnished,1,9000000,Ready_to_move,Resale,Apartment
1000,2,2,Semi-Furnished,1,18000000,Ready_to_move,Resale,Builder_Floor
1550,3,3,Unfurnished,2,27500000,Ready_to_move,Resale,Builder_Floor
1300,3,2,Unfurnished,1,13500000,Ready_to_move,Resale,Apartment
810,2,2,Semi-Furnished,1,14000000,Ready_to_move,New_Property,Builder_Floor
900,2,2,Furnished,1,9000000,Ready_to_move,Resale,Builder_Floor
1200,2,2,Unfurnished,1,16000000,Ready_to_move,Resale,Apartment
1000,2,3,Semi-Furnished,1,11000000,Ready_to_move,Resale,Apartment
720,2,2,Unfurnished,1,5500000,Almost_ready,New_Property,Builder_Floor
2520,3,3,Unfurnished,,47500000,Ready_to_move,New_Property,Builder_Floor
1700,3,4,Unfurnished,2,45000000,Ready_to_move,New_Property,Builder_Floor
1800,3,3,Semi-Furnished,2,43500000,Ready_to_move,New_Property,Builder_Floor
6000,5,5,Semi-Furnished,3,180000000,Ready_to_move,New_Property,Apartment
1800,4,4,Semi-Furnished,2,80000000,Ready_to_move,New_Property,Builder_Floor
2000,3,3,Unfurnished,2,37500000,Ready_to_move,Resale,Apartment
2066,4,4,Unfurnished,2,60000000,Almost_ready,New_Property,Builder_Floor
2050,3,3,Semi-Furnished,2,71000000,Ready_to_move,New_Property,Builder_Floor
1100,3,3,Unfurnished,2,18500000,Ready_to_move,Resale,Apartment
4500,4,4,Semi-Furnished,2,70000000,Ready_to_move,New_Property,Builder_Floor
4500,4,5,Semi-Furnished,2,85000000,Ready_to_move,New_Property,Builder_Floor
6500,4,5,Unfurnished,3,190000000,Ready_to_move,New_Property,Builder_Floor
4350,4,6,Semi-Furnished,2,135000000,Ready_to_move,New_Property,Apartment
1750,3,3,Unfurnished,2,35000000,Ready_to_move,Resale,Builder_Floor
3600,4,4,Semi-Furnished,2,65000000,Almost_ready,New_Property,Builder_Floor
1200,2,2,Furnished,1,27500000,Ready_to_move,Resale,Builder_Floor
1500,3,4,Unfurnished,2,45000000,Ready_to_move,Resale,Builder_Floor
2250,4,4,Unfurnished,3,100000000,Ready_to_move,New_Property,Builder_Floor
1800,3,4,Semi-Furnished,2,47000000,Ready_to_move,New_Property,Builder_Floor
1600,3,4,Semi-Furnished,2,27500000,Ready_to_move,Resale,Builder_Floor
2800,4,5,Semi-Furnished,3,70000000,Ready_to_move,New_Property,Builder_Floor
1700,3,3,Semi-Furnished,1,36500000,Ready_to_move,Resale,Apartment
2400,4,5,Unfurnished,1,65000000,Ready_to_move,Resale,Builder_Floor
1980,3,4,Unfurnished,1,35000000,Almost_ready,New_Property,Apartment
2100,4,5,Semi-Furnished,1,56000000,Ready_to_move,New_Property,Builder_Floor
5400,4,4,Unfurnished,2,110000000,Ready_to_move,Resale,Builder_Floor
1250,3,3,Semi-Furnished,1,24000000,Ready_to_move,Resale,Builder_Floor
2300,4,4,Semi-Furnished,1,102500000,Ready_to_move,New_Property,Builder_Floor
2700,4,4,Semi-Furnished,2,100000000,Ready_to_move,New_Property,Builder_Floor
1450,3,3,Semi-Furnished,1,45000000,Ready_to_move,New_Property,Builder_Floor
2097,3,3,Unfurnished,,29000000,Ready_to_move,Resale,Builder_Floor
1250,3,3,Semi-Furnished,1,25500000,Almost_ready,New_Property,Builder_Floor
1600,3,3,Semi-Furnished,2,33500000,Ready_to_move,New_Property,Builder_Floor
2600,4,5,Semi-Furnished,3,62500000,Ready_to_move,New_Property,Builder_Floor
1700,3,3,Semi-Furnished,2,47500000,Ready_to_move,New_Property,Builder_Floor
1116,3,3,Semi-Furnished,1,14700000,Ready_to_move,Resale,Builder_Floor
1070,2,3,Semi-Furnished,1,18000000,Ready_to_move,New_Property,Builder_Floor
1200,3,3,Semi-Furnished,1,22500000,Ready_to_move,New_Property,Builder_Floor
1200,3,3,Unfurnished,1,22000000,Ready_to_move,New_Property,Builder_Floor
1200,3,3,Semi-Furnished,1,22200000,Ready_to_move,New_Property,Builder_Floor
1450,3,3,Semi-Furnished,1,22500000,Ready_to_move,Resale,Builder_Floor
1000,2,2,Semi-Furnished,1,7500000,Ready_to_move,Resale,Apartment
2430,4,4,Furnished,5,30000000,Ready_to_move,Resale,Builder_Floor
945,2,1,Unfurnished,5,6500000,Ready_to_move,Resale,Apartment
1650,3,3,Unfurnished,5,35000000,Ready_to_move,New_Property,Builder_Floor
1350,3,2,Semi-Furnished,1,17500000,Ready_to_move,Resale,Builder_Floor
2625,4,5,Semi-Furnished,2,60000000,Ready_to_move,New_Property,Builder_Floor
1800,4,4,Semi-Furnished,2,40000000,Ready_to_move,New_Property,Builder_Floor
125,3,3,Semi-Furnished,2,11500000,Ready_to_move,New_Property,Builder_Floor
1440,3,3,Semi-Furnished,2,22500000,Ready_to_move,New_Property,Builder_Floor
1900,3,4,Semi-Furnished,2,28500000,Ready_to_move,New_Property,Builder_Floor
1800,3,3,Semi-Furnished,2,29000000,Ready_to_move,Resale,Builder_Floor
1200,3,2,Semi-Furnished,1,15500000,Ready_to_move,Resale,Builder_Floor
1800,3,3,Semi-Furnished,1,26000000,Ready_to_move,Resale,Builder_Floor
1200,3,3,Semi-Furnished,1,16500000,Ready_to_move,Resale,Builder_Floor
4118,4,5,Unfurnished,3,55000000,Ready_to_move,New_Property,Builder_Floor
1050,3,2,Semi-Furnished,3,12500000,Ready_to_move,Resale,Builder_Floor
875,3,3,Semi-Furnished,3,17500000,Ready_to_move,New_Property,Builder_Floor
990,2,2,Unfurnished,1,11500000,Ready_to_move,Resale,Builder_Floor
11050,3,3,Unfurnished,1,18500000,Ready_to_move,New_Property,Builder_Floor
